filename,word_count,char_count,char_no_space_count,line_count
104-10003-10041.txt,193,1197,1003,75
104-10004-10143 (C06932208).txt,513,3179,2663,182
104-10004-10143.txt,272,1646,1372,71
104-10004-10156.txt,257,1547,1287,54
104-10004-10213.txt,6257,36003,29709,1519
104-10005-10321.txt,480,2988,2505,160
104-10006-10247.txt,553,3394,2838,161
104-10007-10345.txt,997,6006,5003,517
104-10009-10021.txt,247,1717,1468,189
104-10009-10222.txt,222,1325,1102,83
104-10012-10022.txt,533,3182,2647,114
104-10012-10024.txt,382,2137,1754,61
104-10012-10035.txt,1687,9751,8056,392
104-10012-10076.txt,742,4817,4072,283
104-10012-10078.txt,543,3279,2733,238
104-10012-10079.txt,178,1155,976,56
104-10014-10051.txt,237,1473,1235,73
104-10014-10064.txt,1055,6174,5117,209
104-10014-10065.txt,314,2075,1759,72
104-10014-10066.txt,897,5192,4292,153
104-10014-10067.txt,910,5521,4608,147
104-10016-10021.txt,317,2021,1702,87
104-10023-10087.txt,5463,33837,28355,1075
104-10048-10124.txt,3841,23908,20059,637
104-10048-10252.txt,450,2984,2532,110
104-10049-10004.txt,234,1343,1108,43
104-10049-10362.txt,612,3612,2998,73
104-10049-10375.txt,244,1526,1281,61
104-10051-10106.txt,793,4790,3995,117
104-10051-10170.txt,5488,34052,28545,1094
104-10052-10130.txt,1359,7284,5921,332
104-10055-10058.txt,1004,5606,4597,387
104-10056-10005.txt,1179,7454,6268,436
104-10057-10096.txt,740,4850,4106,182
104-10057-10117.txt,82,473,390,36
104-10059-10026.txt,10869,70776,59859,2449
104-10059-10057.txt,1099,6757,5653,287
104-10059-10099.txt,1883,12045,10153,475
104-10059-10188.txt,286,1701,1413,85
104-10059-10218.txt,1137,6744,5603,177
104-10061-10053.txt,980,6075,5091,154
104-10061-10115.txt,5057,31179,26045,2435
104-10061-10132.txt,185,1101,915,58
104-10061-10181.txt,501,3123,2620,118
104-10061-10207.txt,1788,11020,9199,792
104-10061-10208.txt,560,3323,2758,259
104-10061-10214.txt,582,3522,2937,157
104-10061-10265.txt,185,1110,924,58
104-10061-10292.txt,485,3048,2561,117
104-10061-10320.txt,510,3124,2612,125
104-10061-10386.txt,614,3670,3053,116
104-10062-10005.txt,8739,50583,41776,3229
104-10062-10046.txt,890,5486,4593,122
104-10062-10062.txt,2851,17127,14267,414
104-10062-10073.txt,1607,9537,7924,227
104-10062-10227.txt,8447,64029,55557,4629
104-10062-10256.txt,763,4709,3942,178
104-10062-10288.txt,1106,7601,6487,448
104-10063-10017.txt,523,3512,2986,169
104-10063-10149.txt,607,3649,3038,126
104-10063-10152.txt,804,4932,4124,159
104-10063-10153.txt,734,4631,3893,236
104-10063-10160.txt,586,3654,3065,172
104-10063-10162.txt,775,5048,4269,234
104-10063-10169.txt,442,2506,2062,138
104-10063-10179.txt,515,3298,2781,102
104-10063-10206.txt,256,1618,1361,73
104-10063-10266.txt,405,2571,2164,141
104-10063-10430.txt,271,1738,1465,59
104-10063-10434.txt,271,1741,1468,60
104-10063-10438.txt,1622,9697,8069,286
104-10064-10006.txt,273,1863,1588,122
104-10064-10012.txt,5713,35572,29842,875
104-10064-10015.txt,2083,13476,11383,547
104-10065-10028.txt,544,3402,2856,101
104-10065-10050.txt,117,743,625,36
104-10065-10069.txt,125,846,720,35
104-10065-10075.txt,481,3065,2582,96
104-10065-10105.txt,161,1081,919,46
104-10065-10113.txt,153,906,752,46
104-10065-10124.txt,186,1159,972,49
104-10065-10152.txt,1659,11513,9846,373
104-10065-10358.txt,387,2375,1986,84
104-10065-10360.txt,158,989,830,43
104-10065-10386.txt,349,2225,1875,73
104-10066-10010.txt,539,3391,2850,185
104-10066-10031.txt,385,2284,1897,130
104-10066-10060.txt,426,2648,2221,58
104-10066-10076.txt,2319,13694,11366,388
104-10066-10107.txt,92,569,476,38
104-10066-10238.txt,174,1122,947,42
104-10066-10239.txt,176,1126,949,42
104-10066-10240.txt,380,2359,1977,79
104-10066-10245.txt,153,924,770,51
104-10066-10260.txt,350,2218,1867,72
104-10067-10043.txt,471,3043,2570,95
104-10067-10044.txt,157,1068,910,42
104-10067-10046.txt,164,986,821,55
104-10067-10291.txt,884,5426,4539,147
104-10068-10142.txt,211,1350,1138,69
104-10068-10164.txt,124,767,642,46
104-10068-10172.txt,217,1325,1106,51
104-10069-10077.txt,561,3301,2739,72
104-10069-10112.txt,397,2335,1937,75
104-10069-10120.txt,402,2466,2062,89
104-10069-10132.txt,708,4109,3397,173
104-10069-10177.txt,692,4251,3556,119
104-10069-10185.txt,2626,15914,13283,394
104-10069-10260.txt,788,5074,4284,103
104-10069-10359.txt,345,2050,1703,105
104-10070-10009.txt,987,6114,5125,149
104-10070-10079.txt,8618,52455,43819,1472
104-10070-10272.txt,1418,10029,8605,304
104-10070-10296.txt,5971,34324,28309,1395
104-10071-10010.txt,379,2524,2143,118
104-10071-10021.txt,441,2736,2292,153
104-10071-10041.txt,667,4667,3997,239
104-10071-10043.txt,993,6555,5557,259
104-10071-10056.txt,668,3965,3295,113
104-10071-10060.txt,400,2435,2033,147
104-10071-10102.txt,1036,6424,5384,196
104-10071-10122.txt,2755,15591,12829,448
104-10071-10139.txt,613,3817,3201,225
104-10071-10143.txt,227,1340,1112,83
104-10071-10147.txt,197,1183,985,51
104-10071-10148.txt,424,2567,2141,70
104-10071-10239.txt,313,1774,1459,57
104-10071-10257.txt,345,2130,1784,86
104-10071-10324.txt,4341,27209,22858,723
104-10071-10404.txt,467,2998,2529,153
104-10071-10405.txt,243,1503,1259,91
104-10071-10407.txt,381,2352,1969,142
104-10072-10001.txt,1250,7308,6052,298
104-10072-10013.txt,347,1850,1500,101
104-10072-10034.txt,209,1356,1146,67
104-10072-10046.txt,134,839,704,58
104-10072-10212.txt,276,1874,1597,169
104-10072-10227.txt,3316,19761,16435,621
104-10072-10228.txt,2761,15751,12977,635
104-10072-10243.txt,991,5953,4959,152
104-10072-10289.txt,4840,29936,25086,1011
104-10072-10315.txt,1773,11256,9476,326
104-10073-10061.txt,289,1787,1497,73
104-10073-10074.txt,1010,6298,5285,260
104-10073-10101.txt,12078,69275,57179,1514
104-10073-10105.txt,409,2625,2214,134
104-10073-10113.txt,319,2041,1721,61
104-10073-10133.txt,302,1926,1623,77
104-10073-10279.txt,5434,33654,28204,868
104-10073-10322.txt,1083,6436,5349,240
104-10073-10350.txt,87,583,495,36
104-10073-10363.txt,71,446,374,27
104-10074-10006.txt,2193,14465,12262,559
104-10074-10007.txt,892,5544,4648,176
104-10074-10040.txt,132,903,770,50
104-10074-10066.txt,167,993,825,68
104-10074-10090.txt,464,2802,2336,125
104-10074-10095.txt,435,2630,2193,168
104-10074-10347.txt,287,1802,1513,64
104-10074-10349.txt,280,1792,1510,63
104-10074-10355.txt,1259,7586,6323,251
104-10074-10403.txt,533,3576,3040,171
104-10074-10413.txt,1106,6858,5749,203
104-10075-10042.txt,96,548,451,40
104-10075-10099.txt,532,3413,2878,129
104-10075-10200.txt,367,2054,1685,70
104-10075-10203.txt,513,2963,2448,71
104-10075-10225.txt,631,3387,2753,133
104-10075-10232.txt,199,1172,972,39
104-10075-10250.txt,239,1420,1180,54
104-10075-10365.txt,1016,6256,5236,172
104-10075-10373.txt,924,5259,4331,183
104-10076-10000.txt,172,941,768,42
104-10076-10058.txt,98,549,450,28
104-10076-10116.txt,109,633,523,37
104-10076-10153.txt,79,440,360,29
104-10076-10217.txt,135,785,649,41
104-10076-10229.txt,326,1907,1579,58
104-10076-10277.txt,280,1634,1352,65
104-10076-10295.txt,173,1034,860,44
104-10076-10371.txt,504,3055,2548,122
104-10076-10372.txt,411,2576,2162,109
104-10076-10374.txt,181,1016,834,50
104-10076-10375.txt,391,2452,2059,120
104-10076-10400.txt,399,2243,1842,79
104-10076-10416.txt,127,710,582,38
104-10076-10442.txt,469,2898,2426,102
104-10077-10067.txt,151,919,767,70
104-10077-10076.txt,149,834,684,65
104-10077-10087.txt,165,968,802,53
104-10077-10112.txt,166,1006,839,65
104-10077-10136.txt,127,763,635,49
104-10077-10153.txt,887,5326,4433,325
104-10077-10266.txt,133,789,655,65
104-10077-10285.txt,117,721,603,48
104-10077-10296.txt,166,937,770,63
104-10077-10356.txt,165,963,797,69
104-10077-10369.txt,140,837,696,66
104-10077-10382.txt,163,965,801,66
104-10078-10014.txt,1545,9657,8101,657
104-10078-10020.txt,119,725,605,53
104-10079-10016.txt,10649,62390,51663,2690
104-10079-10163.txt,492,3132,2638,155
104-10079-10231.txt,4159,26960,22771,1576
104-10079-10281.txt,487,3065,2576,195
104-10079-10391.txt,372,2303,1928,146
104-10087-10054.txt,5638,34820,29163,1304
104-10088-10070.txt,12398,79872,67445,2137
104-10088-10074.txt,5465,34133,28649,1174
104-10092-10202.txt,108,655,546,32
104-10092-10267.txt,103,564,460,32
104-10092-10340.txt,403,2538,2133,97
104-10093-10010.txt,174,1008,833,47
104-10093-10065.txt,201,1256,1053,65
104-10093-10109.txt,396,2439,2041,74
104-10093-10266.txt,382,2271,1887,94
104-10093-10279.txt,118,687,568,43
104-10095-10075.txt,1770,10214,8440,1372
104-10095-10161.txt,2441,14085,11638,1469
104-10095-10202.txt,1687,10485,8790,265
104-10095-10263.txt,680,3906,3223,247
104-10095-10276.txt,2045,12228,10176,302
104-10095-10326.txt,273,1718,1444,91
104-10096-10048.txt,1100,6733,5626,304
104-10097-10069.txt,94,556,461,36
104-10097-10077.txt,138,850,711,40
104-10097-10170.txt,236,1456,1218,84
104-10097-10360.txt,327,2013,1684,83
104-10098-10072.txt,290,1853,1562,68
104-10098-10264.txt,127,861,733,47
104-10098-10328.txt,220,1217,996,54
104-10098-10380.txt,141,804,662,51
104-10098-10391.txt,74,421,346,31
104-10098-10401.txt,521,3147,2623,150
104-10098-10404.txt,537,3056,2516,132
104-10100-10034.txt,888,5359,4466,296
104-10100-10065.txt,111,700,588,40
104-10100-10086.txt,228,1347,1118,68
104-10100-10087.txt,147,816,668,61
104-10100-10090.txt,186,1104,917,81
104-10100-10152.txt,77,477,399,43
104-10100-10157.txt,122,691,568,56
104-10100-10185.txt,120,694,573,51
104-10100-10192.txt,245,1481,1235,73
104-10100-10199.txt,842,4958,4111,328
104-10100-10200.txt,92,559,466,40
104-10100-10223.txt,665,4067,3399,191
104-10100-10237.txt,120,760,639,46
104-10100-10239.txt,114,655,540,56
104-10100-10247.txt,95,598,502,45
104-10100-10251.txt,255,1469,1213,78
104-10100-10319.txt,138,817,678,60
104-10100-10357.txt,227,1330,1102,66
104-10100-10394.txt,168,1027,858,54
104-10100-10396.txt,198,1279,1080,68
104-10100-10411.txt,169,1027,857,70
104-10100-10419.txt,101,606,504,32
104-10100-10424.txt,116,737,620,41
104-10101-10054.txt,106,647,540,42
104-10101-10109.txt,135,823,687,51
104-10101-10124.txt,93,550,456,43
104-10101-10129.txt,103,638,534,37
104-10101-10134.txt,564,3561,2994,141
104-10101-10135.txt,90,540,449,45
104-10101-10175.txt,324,2118,1792,84
104-10101-10198.txt,210,1199,987,65
104-10101-10215.txt,342,1973,1628,211
104-10101-10227.txt,110,641,530,42
104-10101-10239.txt,447,2832,2381,161
104-10101-10247.txt,86,533,446,34
104-10101-10256.txt,123,783,659,47
104-10102-10043.txt,193,1133,939,44
104-10102-10224.txt,4133,26881,22724,825
104-10102-10227.txt,2116,12881,10756,331
104-10102-10231.txt,1252,7413,6156,182
104-10102-10232.txt,831,5282,4447,129
104-10102-10233.txt,1175,7015,5836,251
104-10102-10237.txt,5113,30736,25611,747
104-10103-10038.txt,791,4741,3946,188
104-10103-10079.txt,4352,28512,24136,810
104-10103-10097.txt,3241,20252,16996,486
104-10103-10103.txt,1176,7027,5847,248
104-10103-10108.txt,819,5235,4412,121
104-10103-10112.txt,7260,43136,35859,1156
104-10103-10244.txt,173,1051,877,31
104-10103-10350.txt,1256,7477,6215,179
104-10103-10357.txt,300,1667,1366,92
104-10104-10094.txt,778,4847,4067,118
104-10104-10172.txt,460,2785,2323,107
104-10104-10262.txt,387,2373,1984,137
104-10104-10271.txt,1486,8785,7295,304
104-10105-10102.txt,1471,8766,7290,230
104-10105-10103.txt,623,3871,3242,141
104-10105-10119.txt,250,1745,1494,51
104-10105-10120.txt,2057,12722,10658,338
104-10105-10126.txt,747,4382,3632,124
104-10105-10130.txt,315,1808,1492,102
104-10105-10133.txt,342,2075,1731,94
104-10105-10137.txt,390,2306,1914,118
104-10105-10210.txt,2290,12857,10541,989
104-10105-10211.txt,199,1202,1000,110
104-10105-10212.txt,129,770,640,53
104-10105-10213.txt,671,4221,3542,329
104-10105-10218.txt,3058,17810,14743,488
104-10105-10271.txt,2209,13311,11095,408
104-10105-10277.txt,974,5641,4664,126
104-10105-10285.txt,281,1571,1288,84
104-10105-10290 (C06932214).txt,2527,15700,13165,774
104-10105-10290.txt,2670,16928,14251,1041
104-10105-10293.txt,970,5618,4645,126
104-10106-10042.txt,489,3037,2546,84
104-10106-10143.txt,4146,25048,20884,644
104-10106-10179.txt,493,2814,2319,80
104-10106-10188.txt,699,4062,3361,75
104-10106-10194.txt,187,1145,957,43
104-10106-10215.txt,354,1989,1634,93
104-10106-10217.txt,581,3416,2833,125
104-10106-10218.txt,305,1898,1592,55
104-10106-10300.txt,5170,31754,26558,1024
104-10106-10312.txt,611,3782,3168,132
104-10106-10325.txt,1144,6866,5718,220
104-10106-10421.txt,731,4119,3385,255
104-10106-10547.txt,131,885,753,38
104-10106-10716.txt,1742,11136,9390,239
104-10106-10753.txt,303,1807,1503,46
104-10107-10008.txt,2209,12572,10352,486
104-10107-10059.txt,418,2648,2228,79
104-10107-10085.txt,288,1716,1427,53
104-10107-10087.txt,207,1251,1043,38
104-10107-10089.txt,708,4065,3354,227
104-10107-10135.txt,1270,7492,6217,245
104-10107-10137.txt,639,3828,3187,100
104-10107-10178.txt,500,3302,2798,166
104-10107-10180.txt,415,2651,2234,86
104-10107-10183.txt,840,4999,4156,104
104-10107-10195.txt,762,4711,3944,210
104-10108-10026.txt,164,942,777,35
104-10109-10320.txt,289,1671,1380,59
104-10110-10095.txt,284,1968,1683,112
104-10110-10242.txt,484,2771,2285,90
104-10110-10243.txt,499,2836,2335,93
104-10110-10245.txt,2165,12479,10308,294
104-10110-10291.txt,310,1957,1646,103
104-10110-10292.txt,305,1987,1681,72
104-10110-10295.txt,324,2060,1735,114
104-10110-10298.txt,321,2087,1765,97
104-10110-10303.txt,133,894,760,41
104-10110-10305.txt,472,2735,2261,67
104-10110-10306.txt,2460,14204,11736,382
104-10110-10307.txt,317,2023,1705,115
104-10110-10314.txt,140,866,725,50
104-10110-10328.txt,155,1033,877,57
104-10110-10340.txt,125,890,764,50
104-10110-10433.txt,705,4124,3416,113
104-10110-10525.txt,436,2672,2234,78
104-10110-10527.txt,194,1221,1026,45
104-10110-10568.txt,296,1790,1493,67
104-10110-10621.txt,154,999,844,31
104-10110-10688.txt,223,1339,1115,53
104-10111-10044.txt,255,1483,1226,90
104-10111-10045.txt,223,1399,1175,125
104-10111-10076.txt,1273,8215,6939,236
104-10111-10079.txt,968,5447,4476,157
104-10111-10086.txt,137,970,832,49
104-10111-10094.txt,424,2509,2084,52
104-10111-10104.txt,364,2540,2175,186
104-10112-10148.txt,440,2840,2397,139
104-10112-10186.txt,804,5454,4644,308
104-10112-10204.txt,132,930,797,51
104-10112-10323.txt,452,2881,2427,80
104-10112-10450.txt,135,846,710,34
104-10113-10030.txt,2230,14369,12131,628
104-10113-10181.txt,104,649,544,22
104-10113-10244.txt,286,1844,1556,67
104-10113-10249.txt,589,3558,2967,98
104-10113-10254.txt,327,2068,1739,77
104-10113-10258.txt,143,876,732,39
104-10114-10042.txt,225,1306,1080,57
104-10114-10152.txt,282,1652,1369,45
104-10114-10160.txt,182,1120,937,30
104-10114-10161.txt,194,1177,982,43
104-10114-10162.txt,1028,6061,5025,243
104-10114-10163.txt,64,422,357,27
104-10115-10074.txt,437,2699,2260,79
104-10116-10261.txt,2794,17030,14228,367
104-10117-10075.txt,1097,6778,5677,292
104-10117-10076.txt,8796,56406,47590,2090
104-10117-10203.txt,2819,17144,14317,385
104-10117-10251.txt,299,2076,1775,117
104-10117-10268.txt,797,4576,3776,386
104-10117-10296.txt,148,906,757,77
104-10118-10427.txt,11313,70840,59469,1678
104-10119-10040.txt,840,4839,3996,117
104-10119-10182.txt,4299,26110,21792,648
104-10119-10183.txt,239,1479,1237,109
104-10119-10220.txt,209,1336,1126,47
104-10119-10225.txt,202,1275,1072,73
104-10119-10247.txt,476,2787,2310,57
104-10119-10338.txt,134,857,722,28
104-10119-10339.txt,137,837,699,37
104-10119-10365.txt,869,5696,4823,313
104-10119-10367.txt,1368,8252,6881,235
104-10119-10403.txt,351,2177,1825,65
104-10120-10271.txt,221,1429,1207,87
104-10120-10273.txt,207,1308,1100,48
104-10120-10274.txt,287,1632,1344,104
104-10120-10275.txt,277,1741,1463,51
104-10120-10276.txt,320,1982,1660,90
104-10120-10290.txt,162,1091,928,66
104-10120-10297.txt,167,1077,909,55
104-10120-10301.txt,134,791,656,47
104-10120-10319.txt,115,731,615,32
104-10120-10354.txt,228,1459,1230,32
104-10120-10373.txt,458,2847,2387,81
104-10120-10378.txt,560,3352,2790,117
104-10120-10381.txt,178,1244,1065,89
104-10120-10398.txt,753,4717,3961,167
104-10120-10442.txt,393,2515,2121,111
104-10120-10502.txt,228,1390,1160,103
104-10120-10652.txt,165,1058,892,41
104-10120-10657.txt,149,926,776,58
104-10120-10666.txt,141,793,651,35
104-10121-10021.txt,173,1070,896,41
104-10121-10091.txt,425,3043,2616,154
104-10121-10119.txt,293,1866,1572,113
104-10121-10130.txt,385,2326,1939,93
104-10121-10133.txt,179,1151,971,36
104-10121-10140.txt,667,4327,3657,91
104-10121-10174.txt,364,2192,1826,133
104-10121-10191.txt,214,1330,1115,42
104-10121-10197.txt,273,1649,1374,120
104-10121-10217.txt,116,698,581,34
104-10121-10226.txt,288,1686,1397,116
104-10121-10236.txt,700,4055,3352,262
104-10121-10239.txt,227,1355,1127,58
104-10121-10263.txt,437,2592,2153,77
104-10121-10304.txt,333,2089,1755,93
104-10121-10341.txt,485,3038,2551,87
104-10121-10342.txt,517,3166,2647,105
104-10121-10366.txt,325,2148,1822,88
104-10122-10135.txt,351,2401,2049,212
104-10122-10141.txt,4028,24059,20019,558
104-10122-10147.txt,622,3870,3244,142
104-10122-10279.txt,492,3056,2562,94
104-10122-10288.txt,2404,14591,12181,284
104-10122-10291.txt,768,4381,3611,90
104-10122-10307.txt,758,4248,3488,82
104-10122-10344.txt,1581,9447,7861,208
104-10122-10346.txt,1873,11172,9290,356
104-10122-10405.txt,442,2687,2243,162
104-10122-10411.txt,1147,6974,5823,224
104-10123-10017.txt,233,1378,1144,81
104-10123-10018.txt,198,1190,991,95
104-10123-10019.txt,316,1939,1622,114
104-10123-10020.txt,399,2271,1870,156
104-10123-10022.txt,236,1281,1044,87
104-10123-10097.txt,162,1074,911,51
104-10123-10098.txt,265,1644,1378,62
104-10123-10160.txt,163,962,798,43
104-10123-10219.txt,279,1722,1440,85
104-10123-10220.txt,448,2752,2303,66
104-10123-10223.txt,141,879,737,53
104-10123-10407.txt,1183,7734,6547,239
104-10123-10421.txt,106,710,603,43
104-10124-10037.txt,192,1262,1069,61
104-10124-10149.txt,387,2442,2054,60
104-10126-10194.txt,348,2159,1810,50
104-10126-10253.txt,496,3013,2516,75
104-10127-10025.txt,203,1277,1073,59
104-10128-10249.txt,151,963,811,36
104-10128-10300.txt,176,1038,861,32
104-10129-10002.txt,6411,39380,32953,1570
104-10129-10027.txt,210,1346,1135,72
104-10129-10033.txt,211,1341,1129,78
104-10129-10034.txt,126,739,611,45
104-10129-10101.txt,824,5218,4390,207
104-10129-10264.txt,122,777,654,34
104-10129-10438.txt,259,1849,1589,99
104-10129-10439.txt,184,1205,1020,64
104-10130-10215.txt,873,5126,4250,146
104-10130-10305.txt,155,1014,858,46
104-10130-10339.txt,132,810,677,36
104-10130-10343.txt,332,2130,1797,132
104-10130-10344.txt,147,1022,874,81
104-10130-10356.txt,90,534,443,37
104-10130-10381.txt,179,1037,857,43
104-10130-10454.txt,238,1520,1281,44
104-10130-10472.txt,1087,7232,6141,208
104-10130-10485.txt,100,647,546,40
104-10131-10010.txt,514,3392,2875,144
104-10131-10014.txt,741,4239,3496,251
104-10131-10016.txt,448,2894,2442,164
104-10131-10028.txt,87,635,547,36
104-10131-10037.txt,217,1351,1132,76
104-10131-10099.txt,219,1414,1193,87
104-10131-10111.txt,301,2042,1739,111
104-10132-10092.txt,809,4932,4121,112
104-10133-10207.txt,13446,73745,60147,8049
104-10133-10437.txt,1580,9628,8044,224
104-10133-10461.txt,587,4081,3491,197
104-10135-10145.txt,89,569,479,32
104-10136-10324.txt,661,3940,3277,260
104-10136-10327.txt,882,5279,4394,338
104-10136-10329.txt,917,5609,4689,318
104-10140-10101.txt,357,2217,1859,56
104-10140-10420.txt,380,2458,2077,57
104-10142-10029.txt,348,2154,1805,51
104-10142-10055.txt,384,2457,2072,64
104-10142-10279.txt,343,2149,1805,57
104-10142-10317.txt,351,2173,1821,56
104-10143-10088.txt,4977,30692,25699,1195
104-10145-10047.txt,351,2178,1826,57
104-10145-10262.txt,410,2586,2175,64
104-10145-10436.txt,505,3095,2588,80
104-10146-10062.txt,629,3755,3124,105
104-10146-10198.txt,380,2347,1958,185
104-10146-10308.txt,377,2403,2025,56
104-10147-10202.txt,399,2522,2122,64
104-10147-10216.txt,564,3413,2839,232
104-10147-10229.txt,545,3332,2777,211
104-10147-10301.txt,381,2269,1886,132
104-10147-10304.txt,536,3427,2889,180
104-10150-10004.txt,50597,308181,257297,7245
104-10150-10038.txt,862,5064,4199,124
104-10150-10136.txt,126273,778268,651579,22429
104-10151-10188.txt,396,2417,2020,62
104-10160-10207.txt,1052,6254,5198,162
104-10161-10001.txt,123,888,764,46
104-10161-10091.txt,1040,6035,4991,271
104-10161-10096.txt,269,1577,1307,100
104-10161-10097.txt,453,2516,2061,135
104-10161-10115.txt,134,902,767,51
104-10161-10144.txt,252,1507,1254,63
104-10161-10154.txt,131,834,702,38
104-10161-10193.txt,155,1082,926,67
104-10161-10226.txt,288,1697,1408,62
104-10161-10321.txt,316,1905,1588,109
104-10161-10330.txt,146,926,779,51
104-10161-10331.txt,146,958,811,38
104-10161-10502.txt,615,3707,3090,92
104-10161-10513.txt,287,1738,1450,113
104-10162-10014.txt,316,1969,1651,155
104-10162-10017.txt,167,1036,868,76
104-10162-10107.txt,366,2169,1801,132
104-10162-10108.txt,212,1327,1114,40
104-10162-10120.txt,234,1507,1272,90
104-10162-10121.txt,280,1878,1597,90
104-10162-10241.txt,19634,113014,93309,4439
104-10162-10242.txt,19625,120099,100367,5183
104-10162-10247.txt,15891,93892,77946,3334
104-10162-10248.txt,12980,79754,66719,3132
104-10163-10019.txt,4428,26587,22147,618
104-10163-10041.txt,58220,345544,287092,10934
104-10163-10065.txt,574,3280,2705,72
104-10163-10087.txt,7905,47251,39302,2627
104-10163-10130.txt,44535,267239,222456,12197
104-10163-10136.txt,664,3910,3244,120
104-10163-10140.txt,15956,95863,79845,2724
104-10163-10173.txt,54764,330991,275962,11765
104-10163-10176.txt,47605,287367,239550,11398
104-10164-10000.txt,17214,104573,87276,4249
104-10164-10002.txt,15044,89244,74124,4033
104-10164-10032.txt,1079,6065,4982,205
104-10164-10050.txt,5736,35080,29302,1659
104-10164-10054.txt,5519,34724,29156,1729
104-10164-10060.txt,40095,247931,207627,10278
104-10164-10085.txt,100,618,517,46
104-10164-10088.txt,491,2669,2177,82
104-10164-10097.txt,29199,184154,154796,7746
104-10164-10099.txt,35563,216266,180559,8537
104-10164-10110.txt,28997,176506,147399,6297
104-10164-10112.txt,59712,360858,300901,11549
104-10165-10004.txt,1611,9298,7684,182
104-10165-10075.txt,22824,139537,116601,5539
104-10165-10077.txt,2428,15439,12998,777
104-10165-10084.txt,15364,97016,81606,4126
104-10165-10087.txt,20036,123306,103180,4795
104-10165-10169.txt,373,2239,1864,98
104-10166-10022.txt,208,1178,969,87
104-10166-10068.txt,183,1166,982,62
104-10166-10079.txt,229,1542,1312,80
104-10166-10115.txt,1529,8771,7236,265
104-10166-10120.txt,7455,44108,36606,2355
104-10166-10158.txt,3983,24385,20378,936
104-10166-10262.txt,514,3297,2781,105
104-10167-10083.txt,1398,7745,6343,201
104-10167-10127.txt,1354,7625,6267,323
104-10167-10190.txt,901,5692,4787,224
104-10167-10297.txt,427,2569,2140,189
104-10167-10366.txt,831,5274,4439,220
104-10167-10375.txt,555,3565,3008,114
104-10169-10000.txt,211,1329,1117,58
104-10169-10001.txt,535,3059,2522,112
104-10169-10002.txt,122,737,614,46
104-10169-10003.txt,128,788,659,48
104-10169-10004.txt,453,2795,2340,178
104-10169-10005.txt,384,2470,2084,138
104-10169-10006.txt,620,3800,3177,186
104-10169-10007.txt,193,1183,989,81
104-10169-10017.txt,688,3853,3163,91
104-10169-10060.txt,782,4936,4152,189
104-10169-10135.txt,138,875,736,44
104-10169-10139.txt,6501,39076,32558,905
104-10169-10265.txt,324,1926,1600,81
104-10169-10269.txt,301,1724,1422,72
104-10169-10271.txt,261,1570,1308,58
104-10169-10282.txt,6087,37319,31208,2165
104-10169-10285.txt,2869,17967,15080,1013
104-10170-10015.txt,2109,12285,10167,534
104-10170-10036.txt,479,2878,2397,123
104-10170-10037.txt,161,916,754,65
104-10170-10051.txt,32151,196880,164655,5438
104-10170-10059.txt,510,2863,2349,191
104-10170-10064.txt,1882,11428,9542,322
104-10170-10091.txt,496,2992,2493,120
104-10170-10096.txt,233,1423,1189,103
104-10170-10109.txt,14516,90877,76286,3122
104-10170-10112.txt,4072,23486,19401,629
104-10170-10121.txt,25581,157770,132102,6913
104-10170-10125.txt,6948,40674,33707,1515
104-10170-10145.txt,1689,10214,8518,280
104-10170-10146.txt,365,2264,1897,105
104-10170-10171.txt,219,1371,1150,60
104-10171-10003.txt,3402,19462,16047,594
104-10171-10013.txt,1174,6756,5578,191
104-10171-10018.txt,475,2748,2271,83
104-10171-10020.txt,1664,9452,7782,408
104-10171-10021.txt,402,2475,2072,79
104-10171-10033.txt,470,2761,2289,82
104-10171-10034.txt,327,1935,1607,60
104-10171-10039.txt,1122,6750,5625,197
104-10171-10044.txt,653,3872,3215,170
104-10171-10047.txt,972,5852,4878,148
104-10171-10093.txt,153,869,715,56
104-10171-10095.txt,153,902,748,55
104-10171-10097.txt,133,786,652,48
104-10171-10106.txt,587,3559,2970,157
104-10171-10136.txt,16566,103809,87182,5973
104-10171-10138.txt,55820,330723,274671,10504
104-10171-10220.txt,317,1916,1598,46
104-10171-10229.txt,693,4229,3534,104
104-10171-10230.txt,575,3409,2832,118
104-10172-10001.txt,1465,8548,7079,234
104-10172-10041.txt,1180,7142,5958,282
104-10172-10059.txt,195,1097,901,57
104-10172-10062.txt,167,952,784,49
104-10172-10105.txt,2192,13722,11516,753
104-10172-10106.txt,20947,121404,100368,3938
104-10172-10107.txt,1800,10838,9028,447
104-10172-10111.txt,46031,279499,233300,10070
104-10172-10112.txt,23368,139867,116415,5578
104-10172-10133.txt,137,822,684,51
104-10172-10137.txt,251,1454,1202,79
104-10172-10147.txt,1588,9536,7945,247
104-10172-10177.txt,198,1128,929,61
104-10172-10201.txt,369,2195,1824,132
104-10172-10243.txt,177,1099,921,51
104-10172-10248.txt,655,3657,3000,180
104-10172-10255.txt,167,977,809,71
104-10172-10256.txt,137,777,639,71
104-10172-10257.txt,155,899,743,71
104-10172-10259.txt,254,1507,1252,97
104-10172-10264.txt,1163,6580,5411,246
104-10172-10265.txt,537,3152,2612,160
104-10172-10278.txt,338,2074,1735,77
104-10172-10279.txt,565,3505,2938,120
104-10173-10078.txt,2912,16896,13972,450
104-10173-10097.txt,649,3943,3292,90
104-10173-10104.txt,64496,372585,307806,13503
104-10173-10130.txt,11952,71754,59756,2032
104-10173-10132.txt,12623,76020,63349,2058
104-10173-10134.txt,36191,216869,180534,6930
104-10173-10135.txt,91199,534075,442535,17789
104-10173-10166.txt,11431,68881,57402,3021
104-10173-10170.txt,24261,148514,124151,5169
104-10173-10171.txt,8500,51675,43125,2748
104-10174-10030.txt,345,2062,1714,90
104-10174-10033.txt,160,999,838,37
104-10174-10036.txt,283,1639,1355,57
104-10174-10037.txt,390,2285,1894,58
104-10174-10038.txt,1188,7009,5818,134
104-10174-10041.txt,136,798,661,36
104-10174-10043.txt,589,3566,2975,93
104-10174-10058.txt,170,1087,916,54
104-10174-10064.txt,32405,197549,165014,6445
104-10174-10065.txt,139806,799611,659243,25398
104-10174-10068.txt,36440,215891,179275,9380
104-10174-10069.txt,24066,147122,122902,6662
104-10174-10071.txt,96821,576212,478974,18106
104-10174-10072.txt,11334,64253,52886,1925
104-10175-10085.txt,7328,44007,36639,1836
104-10175-10101.txt,258,1529,1270,82
104-10175-10110.txt,518,3357,2836,173
104-10175-10114.txt,417,2639,2219,127
104-10175-10133.txt,1627,8516,6885,208
104-10175-10152.txt,349,2171,1820,75
104-10175-10176.txt,8141,47910,39731,2127
104-10175-10179.txt,8685,55295,46588,2176
104-10176-10004.txt,62130,364491,302120,12723
104-10176-10005.txt,52839,310600,257511,13818
104-10176-10006.txt,75539,443225,367448,15839
104-10176-10010.txt,16071,95152,79024,4245
104-10176-10015.txt,3550,22558,18994,643
104-10176-10020.txt,1494,9082,7584,213
104-10176-10067.txt,13067,77071,63945,3093
104-10176-10068.txt,10735,64715,53917,3172
104-10176-10069.txt,15388,92453,76992,3788
104-10176-10070.txt,42976,248777,205675,10411
104-10176-10073.txt,73980,444249,369869,19426
104-10176-10075.txt,35288,217789,182288,10599
104-10176-10222.txt,35126,203197,167941,6915
104-10177-10047.txt,440,2593,2151,84
104-10177-10121.txt,6794,41100,34274,1768
104-10177-10134.txt,41656,241942,200147,10759
104-10177-10135.txt,14848,90190,75269,3259
104-10177-10147.txt,11141,67978,56763,4295
104-10177-10174.txt,387,2221,1832,138
104-10177-10175.txt,549,3290,2739,179
104-10177-10206.txt,10421,62349,51862,2969
104-10177-10217.txt,21263,121220,99910,4460
104-10177-10219.txt,3900,24240,20320,884
104-10177-10220.txt,2862,17696,14816,849
104-10177-10221.txt,8312,51648,43292,1917
104-10177-10224.txt,8241,50442,42153,2432
104-10177-10225.txt,6646,39561,32895,967
104-10177-10226.txt,27056,166014,138829,7078
104-10177-10239.txt,2980,17805,14816,451
104-10178-10000.txt,60372,369411,308729,17994
104-10178-10001.txt,44528,269301,224545,13765
104-10178-10002.txt,18094,109600,91414,4869
104-10178-10046.txt,164,997,832,51
104-10178-10049.txt,303,1668,1364,43
104-10178-10052.txt,290,1805,1514,53
104-10178-10054.txt,217,1398,1179,72
104-10178-10071.txt,374,2225,1849,101
104-10178-10078.txt,20798,121977,101059,7358
104-10178-10096.txt,7738,46885,39112,1851
104-10178-10106.txt,215,1338,1122,88
104-10178-10112.txt,556,3339,2776,246
104-10178-10120.txt,402,2468,2064,151
104-10178-10124.txt,272,1634,1361,92
104-10178-10130.txt,459,2962,2501,151
104-10178-10136.txt,622,3989,3364,219
104-10178-10137.txt,744,4459,3709,300
104-10178-10154.txt,43822,261920,217852,12687
104-10178-10334.txt,20209,118271,97956,6415
104-10179-10022.txt,156,901,744,53
104-10179-10025.txt,1853,11159,9302,228
104-10179-10027.txt,170,971,800,78
104-10179-10088.txt,432,2418,1984,129
104-10179-10104.txt,2056,12577,10512,473
104-10179-10113.txt,690,3930,3238,184
104-10179-10121.txt,320,2086,1765,82
104-10179-10122.txt,256,1429,1172,114
104-10179-10134.txt,889,5112,4220,161
104-10179-10136.txt,860,4979,4116,160
104-10179-10143.txt,488,2845,2355,124
104-10179-10167.txt,545,3535,2988,96
104-10179-10182.txt,2829,16266,13428,392
104-10179-10195.txt,355,2163,1805,108
104-10179-10209.txt,825,4760,3931,152
104-10179-10232.txt,770,4713,3940,114
104-10179-10233.txt,154,921,766,63
104-10180-10031.txt,193,1206,1012,57
104-10180-10042.txt,23912,133420,109330,7329
104-10180-10044.txt,46789,273665,226651,10975
104-10180-10050.txt,29381,178734,149198,8367
104-10180-10062.txt,438,2463,2023,133
104-10180-10138.txt,1522,9076,7550,342
104-10180-10155.txt,158,973,814,42
104-10180-10156.txt,769,5087,4316,163
104-10180-10162.txt,392,2358,1964,129
104-10180-10165.txt,243,1488,1244,65
104-10180-10176.txt,179,1009,829,55
104-10180-10178.txt,264,1598,1333,77
104-10180-10179.txt,202,1259,1056,85
104-10180-10180.txt,292,1754,1460,100
104-10180-10200.txt,41,279,237,17
104-10180-10210.txt,14063,87112,72988,3193
104-10180-10215.txt,693,4193,3498,137
104-10180-10218.txt,276,1707,1430,53
104-10180-10233.txt,152,887,734,68
104-10180-10235.txt,261,1627,1365,39
104-10181-10005.txt,24436,146297,121737,6802
104-10181-10007.txt,26296,153429,127011,6311
104-10181-10011.txt,61253,357785,296274,14547
104-10181-10081.txt,199,1238,1038,41
104-10181-10099.txt,7629,46160,38492,2243
104-10181-10107.txt,246,1527,1280,77
104-10181-10117.txt,390,2370,1978,60
104-10181-10152.txt,367,2372,2003,108
104-10181-10154.txt,16428,100535,84039,3588
104-10181-10174.txt,393,2398,2003,87
104-10181-10184.txt,366,2134,1766,161
104-10182-10000.txt,8325,50047,41680,2142
104-10182-10002.txt,38914,232745,193687,7167
104-10182-10003.txt,46837,279874,232850,7559
104-10182-10004.txt,44871,260527,215480,7693
104-10182-10007.txt,13394,81277,67801,4039
104-10182-10052.txt,37463,225300,187638,10263
104-10182-10057.txt,46497,275622,228913,10143
104-10182-10069.txt,28321,173517,145061,7927
104-10182-10071.txt,34525,208935,174259,7844
104-10182-10072.txt,33115,201944,168720,6726
104-10182-10073.txt,21303,128381,106948,5320
104-10182-10128.txt,117,778,660,37
104-10182-10137.txt,237,1460,1222,44
104-10183-10011.txt,197,1049,851,91
104-10183-10022.txt,686,4149,3460,146
104-10183-10037.txt,204,1157,952,70
104-10183-10039.txt,228,1296,1067,78
104-10183-10043.txt,615,3537,2920,153
104-10183-10044.txt,199,1161,961,84
104-10183-10139.txt,196,1077,880,85
104-10183-10232.txt,366,2132,1764,113
104-10183-10233.txt,404,2438,2032,152
104-10183-10239.txt,191,1094,902,83
104-10183-10240.txt,239,1365,1125,85
104-10183-10259.txt,623,3782,3157,102
104-10183-10260.txt,800,4898,4095,141
104-10183-10261.txt,394,2404,2008,93
104-10183-10262.txt,427,2538,2109,115
104-10183-10267.txt,373,2256,1881,97
104-10183-10276.txt,4688,29533,24818,1098
104-10183-10325.txt,248,1559,1310,105
104-10183-10331.txt,367,2216,1847,87
104-10183-10333.txt,238,1497,1258,95
104-10183-10335.txt,305,1857,1550,91
104-10183-10346.txt,2219,13615,11387,510
104-10183-10347.txt,338,1872,1531,120
104-10183-10355.txt,6542,39602,33021,2053
104-10183-10366.txt,22876,140456,117445,7398
104-10183-10376.txt,399,2327,1926,132
104-10183-10384.txt,230,1297,1066,49
104-10183-10436.txt,223,1372,1148,93
104-10183-10437.txt,345,2065,1719,64
104-10183-10439.txt,548,3115,2565,77
104-10185-10009.txt,418,2367,1947,70
104-10185-10024.txt,568,3600,3028,190
104-10185-10030.txt,1532,8924,7384,309
104-10185-10105.txt,760,4621,3859,160
104-10185-10110.txt,721,4249,3526,162
104-10185-10117.txt,1076,6429,5350,212
104-10185-10128.txt,614,3792,3176,141
104-10185-10171.txt,155,873,717,58
104-10185-10202.txt,301,1909,1607,70
104-10185-10205.txt,157,906,748,47
104-10185-10209.txt,178,1122,943,40
104-10185-10228.txt,125,741,615,26
104-10185-10230.txt,101,580,478,25
104-10185-10234.txt,144,889,744,29
104-10185-10243.txt,155,885,729,28
104-10185-10244.txt,1545,9551,7999,326
104-10185-10247.txt,162,974,811,38
104-10185-10248.txt,171,1002,830,44
104-10185-10252.txt,171,1086,914,38
104-10185-10253.txt,230,1385,1154,87
104-10185-10315.txt,208,1221,1012,63
104-10186-10004.txt,207,1292,1084,54
104-10186-10008.txt,146,1281,1134,103
104-10186-10021.txt,386,2302,1914,108
104-10186-10037.txt,153,903,749,53
104-10186-10088.txt,2102,13637,11528,761
104-10186-10099.txt,2629,17415,14777,882
104-10186-10235.txt,885,5398,4511,173
104-10186-10264.txt,806,4884,4076,158
104-10186-10269.txt,718,4297,3577,154
104-10186-10308.txt,2113,13682,11562,764
104-10186-10309.txt,2617,17418,14792,879
104-10186-10382.txt,178,1077,898,68
104-10186-10410.txt,698,4046,3344,216
104-10187-10003.txt,24737,149933,125070,6930
104-10187-10009.txt,59586,368537,308765,12246
104-10187-10014.txt,67986,432542,364270,16299
104-10187-10030.txt,38641,231373,192564,9747
104-10187-10071.txt,556,3364,2805,145
104-10187-10103.txt,779,4776,3994,153
104-10187-10109.txt,636,3895,3256,172
104-10187-10110.txt,326,1957,1629,112
104-10187-10111.txt,120,745,624,51
104-10187-10113.txt,419,2557,2136,111
104-10187-10117.txt,151,905,753,60
104-10187-10142.txt,196,1159,962,74
104-10187-10146.txt,182,1069,886,82
104-10187-10147.txt,150,851,700,57
104-10187-10149.txt,233,1340,1106,99
104-10187-10174.txt,134,894,759,57
104-10187-10208.txt,425,2516,2089,104
104-10188-10000.txt,54175,345230,290834,11776
104-10188-10001.txt,32346,181778,149313,6600
104-10188-10002.txt,18313,109691,91267,6126
104-10188-10003.txt,22032,137582,115471,5450
104-10188-10012.txt,16166,102602,86358,4489
104-10188-10015.txt,5525,33823,28268,1848
104-10188-10023.txt,14008,86185,72103,4543
104-10188-10454.txt,220,1247,1026,74
104-10192-10110.txt,15133,93623,78434,3281
104-10192-10154.txt,232,1351,1118,77
104-10192-10229.txt,602,3611,3005,149
104-10192-10266.txt,461,2830,2367,109
104-10192-10284.txt,621,3992,3368,180
104-10193-10016.txt,3288,18979,15683,551
104-10193-10069.txt,32282,195975,163597,8365
104-10193-10075.txt,22409,135734,113255,6317
104-10193-10076.txt,26967,163028,135948,9254
104-10193-10077.txt,45817,282736,236770,12706
104-10193-10079.txt,78596,482711,403827,23516
104-10193-10160.txt,24762,155887,131049,5311
104-10193-10163.txt,12792,71433,58582,3925
104-10194-10001.txt,44212,269938,225581,12951
104-10194-10012.txt,84269,520784,436177,24252
104-10194-10014.txt,64133,393365,329000,19077
104-10194-10015.txt,16765,104042,87197,4610
104-10194-10017.txt,20509,125338,104759,6106
104-10194-10019.txt,69527,426825,357091,18867
104-10194-10022.txt,35617,215239,179472,11618
104-10194-10023.txt,68740,412792,343822,20009
104-10194-10024.txt,6984,43511,36492,1661
104-10194-10026.txt,89523,544049,454168,25813
104-10195-10002.txt,58029,366253,308033,13815
104-10195-10003.txt,40435,245534,204970,11984
104-10209-10017.txt,30554,174641,143991,5608
104-10209-10018.txt,3202,19774,16551,1093
104-10209-10019.txt,13043,77718,64599,4007
104-10209-10025.txt,268,1695,1425,76
104-10209-10164.txt,203,1355,1150,152
104-10209-10259.txt,786,4667,3879,111
104-10210-10009.txt,52563,313530,260700,8869
104-10210-10020.txt,5851,35998,30126,1091
104-10210-10021.txt,7337,44340,36964,1581
104-10210-10037.txt,37315,217091,179666,7946
104-10210-10068.txt,109899,649114,538950,15287
104-10211-10001.txt,85687,518432,432504,12832
104-10211-10146.txt,133,860,726,51
104-10211-10326.txt,292,1830,1537,64
104-10213-10002.txt,1533,10229,8689,311
104-10213-10202.txt,5390,33023,27614,1081
104-10213-10209.txt,5631,36120,30475,797
104-10213-10314.txt,2034,12164,10120,562
104-10213-10352.txt,5732,35137,29384,1227
104-10214-10034.txt,15677,95641,79900,2535
104-10215-10003.txt,851,5256,4402,139
104-10215-10004.txt,1178,7547,6363,376
104-10215-10005.txt,549,3292,2741,162
104-10215-10018.txt,280,1672,1391,90
104-10215-10035.txt,465,2871,2404,117
104-10215-10096.txt,25499,155437,129805,7717
104-10215-10099.txt,17396,106884,89391,5017
104-10215-10125.txt,13013,79519,66430,2540
104-10215-10126.txt,1122,6918,5789,348
104-10215-10128.txt,5683,35101,29400,1027
104-10215-10129.txt,16841,104639,87706,4365
104-10215-10139.txt,287,1705,1416,87
104-10215-10145.txt,788,5394,4600,356
104-10215-10146.txt,692,4670,3974,179
104-10215-10149.txt,609,3889,3277,165
104-10215-10151.txt,640,4010,3367,177
104-10215-10153.txt,579,3719,3137,164
104-10215-10188.txt,222,1298,1075,83
104-10215-10200.txt,601,3751,3147,94
104-10215-10212.txt,42507,259555,216898,7926
104-10215-10214.txt,35494,219252,183590,8933
104-10215-10215.txt,15845,98963,83039,3498
104-10215-10246.txt,46405,289661,243046,9947
104-10216-10000.txt,249,1545,1295,65
104-10216-10001.txt,151,921,769,53
104-10216-10002.txt,212,1399,1186,56
104-10216-10029.txt,368,2245,1876,104
104-10216-10046.txt,377,2349,1970,132
104-10216-10073.txt,793,4927,4132,169
104-10216-10075.txt,1418,8828,7407,223
104-10216-10100.txt,577,3494,2915,93
104-10216-10148.txt,3822,23285,19446,958
104-10216-10159.txt,693,4050,3352,203
104-10216-10171.txt,698,4089,3388,113
104-10216-10199.txt,266,1703,1435,92
104-10216-10202.txt,163,970,806,85
104-10216-10234.txt,1739,9948,8204,309
104-10216-10238.txt,136,804,667,59
104-10216-10273.txt,922,5927,5001,220
104-10216-10338.txt,355,2222,1865,115
104-10216-10397.txt,249,1511,1261,82
104-10216-10398.txt,2084,12412,10322,328
104-10217-10000.txt,1716,10043,8323,220
104-10217-10185.txt,8506,50774,42215,2648
104-10217-10196.txt,334,2059,1723,114
104-10217-10221.txt,96935,562368,465157,16796
104-10217-10223.txt,47431,286256,238620,10658
104-10217-10225.txt,66198,395753,329316,13293
104-10217-10228.txt,250,1421,1170,41
104-10218-10007.txt,49970,298274,248121,12203
104-10218-10008.txt,26455,155569,129008,7696
104-10218-10009.txt,34418,203846,169265,9835
104-10218-10013.txt,13163,77102,63877,3278
104-10218-10032.txt,36590,222730,185973,9106
104-10218-10033.txt,6832,40742,33847,1620
104-10218-10034.txt,32584,199666,166917,7534
104-10218-10035.txt,2249,14208,11952,404
104-10218-10060.txt,258,1519,1260,107
104-10218-10083.txt,480,3061,2579,157
104-10218-10097.txt,329,1881,1550,85
104-10219-10003.txt,11633,70414,58720,2563
104-10219-10005.txt,35162,213590,178283,7893
104-10219-10064.txt,353,2299,1944,103
104-10219-10066.txt,13924,86622,72619,3985
104-10219-10110.txt,814,4818,4001,150
104-10219-10143.txt,1286,8158,6865,410
104-10219-10153.txt,36100,217876,181610,8700
104-10219-10154.txt,3871,22638,18756,583
104-10219-10282.txt,1227,7421,6190,199
104-10219-10283.txt,1355,8324,6965,206
104-10219-10418.txt,423,2460,2035,106
104-10219-10439.txt,237,1428,1190,35
104-10220-10019.txt,203,1192,988,82
104-10220-10020.txt,426,2477,2049,131
104-10220-10028.txt,13932,83490,69483,4503
104-10220-10033.txt,216,1241,1024,72
104-10220-10034.txt,163,970,806,67
104-10220-10035.txt,283,1685,1401,92
104-10220-10036.txt,204,1083,878,72
104-10220-10037.txt,143,835,691,64
104-10220-10038.txt,251,1397,1145,78
104-10220-10069.txt,1344,8182,6828,502
104-10220-10074.txt,247,1612,1364,68
104-10220-10128.txt,27721,167699,139826,8973
104-10220-10224.txt,138,776,637,67
104-10220-10293.txt,211,1317,1105,62
104-10220-10294.txt,259,1569,1308,70
104-10221-10002.txt,52040,316391,264117,12798
104-10221-10003.txt,37261,213004,175589,9232
104-10221-10004.txt,80970,467111,385833,17376
104-10221-10007.txt,11293,68999,57633,3523
104-10221-10020.txt,550,3314,2762,93
104-10221-10021.txt,221,1421,1199,35
104-10221-10022.txt,31056,183657,152469,6739
104-10221-10026.txt,9895,60279,50331,2527
104-10221-10032.txt,231,1401,1169,84
104-10221-10039.txt,7243,43618,36339,1629
104-10221-10222.txt,2073,12637,10559,332
104-10221-10310.txt,3823,23783,19952,627
104-10222-10000.txt,81410,491128,409404,25557
104-10222-10001.txt,1520,9502,7977,409
104-10222-10002.txt,56604,343951,287171,16384
104-10222-10005.txt,72987,451835,378539,21194
104-10222-10012.txt,97049,588385,490998,27686
104-10222-10019.txt,15803,93698,77834,5021
104-10222-10032.txt,10779,65558,54728,2636
104-10222-10033.txt,8198,48451,40221,2914
104-10222-10038.txt,75896,458195,382039,21035
104-10222-10040.txt,51394,302755,251192,15717
104-10222-10041.txt,39111,235218,195958,10402
104-10222-10042.txt,62235,376379,313942,17566
104-10222-10043.txt,3667,22288,18603,1233
104-10224-10000.txt,83752,512569,428441,23163
104-10224-10001.txt,47477,291323,243668,13211
104-10224-10002.txt,60847,361336,300226,20245
104-10224-10004.txt,35335,216251,180788,10405
104-10224-10006.txt,66509,406203,339427,20249
104-10224-10007.txt,86989,526466,439094,26569
104-10224-10008.txt,45942,274355,228173,13572
104-10224-10012.txt,93524,571766,477935,27575
104-10225-10000.txt,105123,633240,527710,18742
104-10225-10003.txt,112973,674345,560962,32962
104-10225-10006.txt,88801,534330,445215,26788
104-10225-10007.txt,64167,383062,318662,19105
104-10225-10009.txt,44513,265167,220413,13662
104-10225-10012.txt,52545,315693,262864,16658
104-10225-10027.txt,63644,395792,331944,14984
104-10225-10030.txt,22591,140854,118156,6766
104-10225-10035.txt,268,1628,1358,75
104-10226-10001.txt,918,5386,4465,136
104-10226-10011.txt,363,2104,1740,62
104-10226-10023.txt,93319,557550,463847,16233
104-10226-10024.txt,112754,681543,568352,24393
104-10226-10045.txt,1437,8202,6761,212
104-10226-10067.txt,170,1117,946,64
104-10226-10087.txt,504,3284,2777,171
104-10226-10090.txt,645,3871,3223,125
104-10226-10117.txt,5768,34386,28599,1064
104-10227-10000.txt,54725,332635,277688,9820
104-10227-10003.txt,235,1463,1227,38
104-10227-10046.txt,367,2134,1766,70
104-10227-10121.txt,720,4650,3925,287
104-10227-10150.txt,2754,16034,13272,336
104-10227-10153.txt,2450,15069,12609,477
104-10227-10271.txt,292,1937,1644,53
104-10228-10045.txt,461,2797,2334,119
104-10228-10076.txt,55,327,271,17
104-10228-10083.txt,590,3463,2870,272
104-10228-10419.txt,243,1476,1232,71
104-10229-10000.txt,34919,218741,183668,10693
104-10229-10002.txt,69687,421825,351697,27566
104-10229-10097.txt,338,2101,1761,144
104-10230-10153.txt,1369,8616,7235,632
104-10230-10154.txt,6961,44695,37653,3546
104-10231-10042.txt,899,6390,5485,408
104-10231-10418.txt,158,983,824,49
104-10232-10004.txt,2756,16024,13260,329
104-10232-10018.txt,9070,50901,41814,964
104-10232-10019.txt,2883,16776,13884,399
104-10234-10007.txt,464,2802,2336,96
104-10234-10050.txt,592,3408,2814,169
104-10234-10069.txt,386,2319,1931,147
104-10234-10083.txt,214,1368,1153,51
104-10234-10088.txt,167,990,822,76
104-10234-10096.txt,289,1866,1575,88
104-10234-10101.txt,743,4575,3829,139
104-10234-10102.txt,4556,26472,21907,603
104-10234-10105.txt,68,440,371,21
104-10234-10115.txt,868,5162,4290,325
104-10234-10124.txt,248,1515,1266,106
104-10234-10141.txt,1886,11400,9506,537
104-10234-10148.txt,225,1235,1009,64
104-10234-10155.txt,873,5287,4411,125
104-10235-10018.txt,276,1813,1535,131
104-10236-10053.txt,354,2332,1976,103
104-10236-10054.txt,424,2760,2334,133
104-10236-10056.txt,2742,15968,13218,339
104-10236-10075.txt,250,1532,1280,79
104-10237-10120.txt,1043,6210,5163,160
104-10241-10249.txt,271,1754,1482,91
104-10241-10250.txt,1062,5399,4333,257
104-10245-10000.txt,23903,147137,123089,7650
104-10245-10007.txt,13794,78878,65029,3555
104-10247-10037.txt,172,995,822,69
104-10247-10042.txt,786,4766,3977,251
104-10247-10064.txt,621,3618,2994,139
104-10247-10069.txt,657,4131,3471,190
104-10247-10070.txt,267,1677,1408,103
104-10247-10097.txt,2094,12467,10367,334
104-10248-10203.txt,254,1507,1252,48
104-10250-10035.txt,259,1555,1295,106
104-10250-10199.txt,1224,7246,6019,174
104-10250-10200.txt,484,2870,2384,92
104-10250-10267.txt,186,1094,907,46
104-10254-10015.txt,179,1157,977,38
104-10256-10058.txt,442,2842,2398,81
104-10256-10081.txt,495,2860,2363,167
104-10256-10187.txt,201,1310,1107,79
104-10256-10208.txt,818,5350,4528,241
104-10256-10213.txt,181,1176,994,72
104-10256-10268.txt,3528,21571,18030,581
104-10256-10273.txt,1079,6441,5359,145
104-10256-10283.txt,551,3442,2889,85
104-10256-10383.txt,346,2038,1691,69
104-10256-10428.txt,274,1733,1458,51
104-10260-10400.txt,245,1543,1297,81
104-10262-10385.txt,644,4082,3436,108
104-10263-10111.txt,18223,113637,95329,4106
104-10263-10139.txt,1350,7833,6479,281
104-10265-10118.txt,621,3619,2996,82
104-10265-10141.txt,241,1493,1251,63
104-10266-10026.txt,48945,288186,239046,12202
104-10266-10138.txt,82007,488387,405979,22584
104-10267-10196.txt,284,1700,1414,98
104-10269-10079.txt,135,770,634,48
104-10275-10176.txt,2784,16107,13314,361
104-10290-10038.txt,131,761,629,47
104-10290-10046.txt,320,1729,1407,97
104-10290-10055.txt,91,518,426,46
104-10290-10062.txt,73,427,353,32
104-10290-10155.txt,320,1729,1406,186
104-10290-10162.txt,252,1431,1177,98
104-10290-10168.txt,118,686,567,41
104-10290-10190.txt,1458,8911,7445,426
104-10290-10199.txt,121,713,591,43
104-10290-10210.txt,105,651,545,41
104-10290-10219.txt,149,884,734,34
104-10290-10273.txt,140,875,732,64
104-10290-10309.txt,380,2383,2001,74
104-10291-10000.txt,68644,430533,361605,19792
104-10291-10001.txt,89123,542604,453182,25721
104-10291-10002.txt,73016,435979,362690,22360
104-10291-10003.txt,3518,21916,18385,615
104-10291-10004.txt,94992,573665,478349,27979
104-10291-10009.txt,685,4096,3404,250
104-10291-10013.txt,72177,442051,369616,20536
104-10291-10014.txt,67743,409907,341940,18302
104-10291-10016.txt,12190,76499,64243,4518
104-10291-10017.txt,3596,22489,18871,993
104-10291-10019.txt,14027,87156,73062,3040
104-10291-10021.txt,13605,76827,63163,5535
104-10291-10022.txt,84871,527544,442407,22519
104-10295-10001.txt,1974,11570,9588,310
104-10295-10168.txt,207,1288,1080,58
104-10298-10095.txt,1585,9856,8265,262
104-10298-10184.txt,511,3139,2626,125
104-10300-10124.txt,797,4864,4065,107
104-10301-10000.txt,10271,65176,54852,2007
104-10301-10001.txt,4595,28330,23711,910
104-10301-10002.txt,2252,14125,11859,520
104-10301-10004.txt,91032,541897,450457,15699
104-10301-10008.txt,555,4154,3594,223
104-10301-10009.txt,2757,20099,17326,709
104-10301-10010.txt,4402,27378,22965,595
104-10301-10011.txt,7490,45273,37759,1192
104-10302-10000.txt,10027,59447,49379,1455
104-10302-10019.txt,6226,38826,32581,928
104-10302-10020.txt,5830,37038,31190,891
104-10302-10021.txt,1779,11216,9430,303
104-10302-10022.txt,4192,26505,22300,587
104-10302-10028.txt,18122,109264,91009,5595
104-10302-10030.txt,8703,54891,46160,1945
104-10303-10003.txt,555,3487,2929,78
104-10303-10007.txt,2004,12023,10012,290
104-10303-10008.txt,740,4742,3999,160
104-10304-10000.txt,4356,28152,23785,862
104-10305-10000.txt,47769,286773,238849,10515
104-10305-10005.txt,68859,404110,335030,12567
104-10306-10003.txt,5131,31057,25907,735
104-10306-10007.txt,625,3795,3167,108
104-10306-10010.txt,3018,18158,15128,482
104-10306-10011.txt,1930,10985,9050,631
104-10306-10016.txt,5031,29266,24216,705
104-10306-10018.txt,8506,50869,42334,1226
104-10306-10020.txt,4060,24970,20890,568
104-10306-10021.txt,4886,30306,25399,806
104-10306-10024.txt,20732,125568,104765,3158
104-10306-10025.txt,16753,70632,53755,6122
104-10307-10006.txt,5460,34597,29120,765
104-10307-10024.txt,3511,22790,19262,572
104-10308-10023.txt,1256,7748,6489,258
104-10308-10024.txt,279,1829,1548,58
104-10308-10029.txt,363,2388,2023,64
104-10308-10043.txt,596,3684,3084,165
104-10308-10044.txt,3035,16806,13763,384
104-10308-10053.txt,751,4711,3957,111
104-10308-10054.txt,420,2454,2032,82
104-10308-10062.txt,4160,24317,20150,577
104-10308-10086.txt,766,4319,3550,174
104-10308-10127.txt,2440,14916,12471,390
104-10308-10163.txt,1373,8118,6740,223
104-10308-10165.txt,470,2889,2417,137
104-10308-10168.txt,435,2483,2046,61
104-10308-10189.txt,314,1879,1564,65
104-10308-10208.txt,1372,8058,6680,243
104-10308-10269.txt,596,3602,3003,149
104-10308-10287.txt,445,2734,2287,72
104-10310-10014.txt,474,2863,2386,89
104-10310-10020.txt,18738,112518,93711,2913
104-10310-10104.txt,208,1232,1023,43
104-10310-10116.txt,263,1679,1415,49
104-10310-10118.txt,742,4370,3625,120
104-10310-10142.txt,205,1189,983,67
104-10320-10038.txt,260,1607,1346,80
104-10320-10039.txt,389,2374,1983,134
104-10322-10056.txt,922,5782,4856,293
104-10322-10101.txt,768,4740,3968,185
104-10322-10104.txt,678,3982,3302,94
104-10324-10000.txt,10432,55725,45269,1396
104-10324-10002.txt,60452,330238,269586,7004
104-10326-10001.txt,397,2501,2102,81
104-10326-10002.txt,455,2947,2490,89
104-10326-10010.txt,628,4130,3500,111
104-10326-10012.txt,385,2720,2333,96
104-10326-10013.txt,639,4073,3432,121
104-10326-10014 (c06931192).txt,1091,6825,5730,198
104-10326-10014.txt,944,5784,4837,152
104-10326-10015.txt,942,5843,4898,152
104-10326-10016.txt,1192,7964,6768,200
104-10326-10017.txt,1072,6889,5814,166
104-10326-10018.txt,649,4436,3785,132
104-10326-10022.txt,1595,9913,8314,250
104-10326-10026.txt,381,2638,2255,90
104-10326-10027.txt,1294,8280,6981,235
104-10326-10028.txt,575,3687,3109,199
104-10326-10029.txt,231,1482,1250,58
104-10326-10030.txt,257,1582,1324,68
104-10326-10031.txt,1271,8074,6799,216
104-10326-10032.txt,1271,8068,6793,221
104-10326-10033.txt,1302,8250,6944,221
104-10326-10034.txt,1268,8035,6763,229
104-10326-10035.txt,1270,8056,6782,215
104-10326-10036.txt,1277,8040,6759,235
104-10326-10037.txt,1266,8021,6751,220
104-10326-10038.txt,1280,8141,6857,217
104-10326-10039.txt,388,2519,2129,89
104-10326-10040.txt,744,5014,4267,168
104-10326-10041.txt,202,1339,1136,63
104-10326-10042.txt,239,1583,1343,63
104-10326-10043.txt,874,5792,4915,150
104-10326-10044.txt,229,1463,1233,61
104-10326-10045.txt,363,2384,2019,82
104-10326-10046.txt,1736,9914,8174,220
104-10326-10047.txt,291,1809,1517,66
104-10326-10048.txt,493,3061,2566,103
104-10326-10049.txt,955,5627,4669,149
104-10326-10050.txt,924,5921,4994,149
104-10326-10051.txt,434,2748,2312,90
104-10326-10052.txt,252,1626,1372,83
104-10326-10053.txt,758,4531,3770,136
104-10326-10054.txt,941,6229,5284,261
104-10326-10055.txt,213,1343,1129,67
104-10326-10056.txt,1133,7503,6366,221
104-10326-10057.txt,1238,7527,6286,180
104-10326-10058.txt,2126,13679,11548,317
104-10326-10059.txt,2321,14947,12620,375
104-10326-10060.txt,2537,16340,13796,440
104-10326-10062.txt,482,3106,2622,101
104-10326-10063.txt,1724,10021,8293,251
104-10326-10064.txt,518,3397,2877,118
104-10326-10065.txt,163,1064,900,53
104-10326-10066.txt,181,1196,1014,51
104-10326-10067.txt,483,3132,2647,104
104-10326-10068.txt,288,1923,1634,74
104-10326-10069.txt,496,3067,2569,90
104-10326-10070.txt,251,1642,1390,61
104-10326-10071.txt,225,1586,1360,64
104-10326-10072.txt,841,5522,4678,178
104-10326-10073.txt,543,3523,2978,118
104-10326-10074.txt,325,2085,1758,83
104-10326-10075.txt,470,2881,2409,106
104-10326-10076.txt,449,2913,2462,91
104-10326-10077.txt,591,3606,3013,115
104-10326-10078.txt,218,1377,1158,58
104-10326-10079.txt,202,1282,1079,60
104-10326-10080.txt,539,3461,2920,99
104-10326-10081.txt,990,5823,4830,172
104-10326-10082.txt,695,4346,3649,114
104-10326-10083.txt,874,5196,4319,149
104-10326-10084.txt,244,1637,1392,60
104-10326-10085.txt,758,4678,3918,128
104-10326-10087.txt,439,2817,2376,90
104-10326-10090.txt,236,1594,1357,57
104-10326-10091.txt,1101,6850,5746,177
104-10326-10092.txt,585,3683,3096,112
104-10326-10093.txt,1013,5996,4980,154
104-10326-10094.txt,152,1033,880,53
104-10326-10095.txt,719,4425,3703,155
104-10326-10096.txt,631,3913,3280,112
104-10326-10097.txt,446,3114,2666,101
104-10326-10098.txt,290,1890,1599,58
104-10326-10100.txt,2741,17420,14670,564
104-10326-10101.txt,1590,9574,7979,266
104-10326-10102.txt,443,2615,2170,110
104-10328-10038.txt,9215,83309,74001,3134
104-10330-10010.txt,300,2023,1721,58
104-10330-10026.txt,1457,9546,8084,242
104-10330-10044.txt,1134,7230,6091,208
104-10330-10060.txt,2631,17248,14609,367
104-10330-10070.txt,3222,19927,16696,450
104-10330-10081.txt,5295,30637,25326,792
104-10330-10083.txt,4390,27375,22972,602
104-10330-10100.txt,2871,17945,15063,437
104-10330-10102.txt,544,3597,3051,98
104-10330-10118.txt,1958,12898,10934,233
104-10330-10133.txt,1283,8177,6887,228
104-10331-10076.txt,1370,8535,7159,281
104-10331-10080.txt,344,2069,1724,52
104-10331-10118.txt,2718,18338,15606,526
104-10331-10121.txt,1160,7357,6191,206
104-10331-10127.txt,303,1930,1625,61
104-10331-10132.txt,873,5386,4510,163
104-10331-10134.txt,525,3152,2625,68
104-10331-10139.txt,670,4310,3636,140
104-10331-10140.txt,712,4387,3673,108
104-10331-10149.txt,1503,9167,7660,219
104-10331-10152.txt,1758,10727,8963,282
104-10331-10154.txt,1225,7230,6001,171
104-10331-10166.txt,403,2403,1997,89
104-10331-10177.txt,225,1304,1078,28
104-10331-10178.txt,129,798,668,31
104-10331-10194.txt,582,3536,2952,94
104-10331-10202.txt,548,3222,2672,63
104-10331-10209.txt,518,3300,2780,68
104-10331-10226.txt,585,3714,3126,99
104-10331-10318.txt,752,4550,3795,138
104-10331-10320.txt,313,1710,1396,42
104-10331-10321.txt,143,895,751,35
104-10331-10338.txt,3486,21161,17660,576
104-10331-10353.txt,264,1494,1229,37
104-10331-10370.txt,12223,78811,66550,2346
104-10332-10000.txt,2710,16787,14064,438
104-10332-10002.txt,5186,32805,27594,935
104-10332-10007.txt,23120,143435,120234,3712
104-10332-10008.txt,6039,38790,32729,861
104-10332-10009.txt,25926,154351,128349,3400
104-10332-10014.txt,17485,106278,88737,2985
104-10332-10016.txt,5030,31288,26243,705
104-10332-10020.txt,4259,26726,22450,679
104-10332-10021.txt,5100,33002,27880,844
104-10332-10022.txt,23021,147802,124686,3530
104-10332-10023.txt,44954,287539,242365,8079
104-10333-10001.txt,52409,342648,290070,7483
104-10333-10002.txt,2724,18142,15393,719
104-10333-10006.txt,9087,54729,45608,1599
104-10333-10008.txt,12196,76496,64241,2242
104-10333-10011.txt,22534,147656,125057,4032
104-10333-10013.txt,7276,45955,38645,1156
104-10333-10014.txt,46641,295285,248445,7849
104-10335-10001.txt,2240,15048,12794,598
104-10335-10008.txt,7337,47873,40497,1694
104-10335-10014.txt,16021,101160,85088,2635
104-10336-10000.txt,2207,13851,11635,369
104-10336-10034.txt,3092,19716,16610,539
104-10337-10001.txt,76024,475055,398770,10204
104-10337-10002.txt,6649,41601,34925,1171
104-10337-10014.txt,24389,156462,132010,3881
104-10338-10005.txt,1934,11616,9674,414
104-10338-10018.txt,7153,43529,36352,1670
104-10400-10311.txt,49841,300371,250299,13357
104-10400-10316.txt,14900,95253,80292,2610
104-10406-10136.txt,5304,34160,28843,712
104-10406-10139.txt,5427,33705,28259,1073
104-10408-10027.txt,1543,10288,8738,310
104-10408-10078.txt,6009,37501,31470,1190
104-10408-10316.txt,5437,33783,28327,1065
104-10408-10329.txt,321,2017,1694,91
104-10408-10415.txt,258,1679,1420,86
104-10408-10416.txt,182,1181,998,64
104-10412-10005.txt,416,2627,2209,168
104-10413-10053.txt,711,4160,3447,127
104-10413-10057.txt,438,2681,2240,81
104-10413-10306.txt,23687,147841,124063,4767
104-10414-10002.txt,467,2349,1881,225
104-10414-10025.txt,601,3296,2690,225
104-10418-10041.txt,1140,6618,5474,385
104-10418-10045.txt,390,2327,1935,146
104-10418-10046.txt,565,3265,2698,154
104-10418-10103.txt,220,1343,1122,91
104-10418-10104.txt,305,1906,1599,125
104-10418-10202.txt,600,3722,3119,120
104-10418-10230.txt,375,2217,1840,123
104-10418-10378.txt,778,4744,3964,123
104-10418-10439.txt,251,1751,1498,190
104-10422-10054.txt,395,2250,1846,181
104-10422-10055.txt,1219,5749,4523,699
104-10422-10057.txt,742,4399,3654,114
104-10423-10337.txt,33734,192484,158698,3507
104-10425-10008.txt,479,3018,2535,113
104-10428-10012.txt,447,2719,2269,91
104-10431-10006.txt,10243,65260,54978,1704
104-10431-10091.txt,533,3185,2650,114
104-10431-10102.txt,2178,12660,10470,524
104-10433-10050.txt,594,3729,3129,195
104-10433-10081.txt,392,2391,1997,148
104-10433-10167.txt,4957,30198,25219,1353
104-10433-10209.txt,136274,836383,699814,26104
104-10433-10212.txt,31364,187801,156271,7719
104-10435-10071.txt,39356,236041,196536,6695
104-10437-10079.txt,772,4675,3901,106
104-10437-10091.txt,11024,66034,54961,2128
104-10438-10186.txt,645,3756,3109,180
104-10438-10237.txt,46898,277214,230127,11214
104-10439-10113.txt,12465,80520,68024,1977
104-10506-10024.txt,1151,6507,5349,353
104-10506-10028.txt,28695,175696,146844,4982
104-10510-10090.txt,193,1100,906,142
104-10510-10141.txt,354,2064,1709,196
104-10512-10101.txt,219,1386,1166,66
104-10512-10102.txt,98,619,520,58
104-10512-10110.txt,1311,8143,6819,724
104-10516-10103.txt,132,795,662,36
104-10516-10195.txt,497,3080,2581,96
104-10516-10214.txt,94,569,474,38
104-10516-10227.txt,195,1112,916,39
104-10516-10239.txt,105,622,516,43
104-10516-10270.txt,1063,6208,5139,268
104-10516-10338.txt,56,373,316,29
104-10516-10348.txt,309,2000,1688,91
104-10517-10120.txt,247,1505,1257,89
104-10517-10121.txt,190,1149,958,81
104-10519-10182.txt,134,751,616,60
104-10519-10184.txt,100,537,436,31
104-10527-10212.txt,831,5079,4243,282
104-10527-10277.txt,247,1584,1335,86
104-10527-10421.txt,75,489,413,31
104-10527-10424.txt,197,1178,980,69
104-10528-10052.txt,196,1168,971,55
104-10528-10053.txt,112,683,570,49
104-10528-10056.txt,115,754,638,48
104-10528-10149.txt,43,289,245,24
104-10528-10180.txt,99,567,467,44
104-10529-10182.txt,156,951,794,57
104-10529-10184.txt,188,1212,1023,55
104-10529-10196.txt,39,253,213,15
104-10529-10277.txt,85,526,440,33
104-10529-10323.txt,203,1271,1067,62
104-10529-10329.txt,747,4338,3586,353
104-10529-10330.txt,87,587,499,37
104-10529-10367.txt,105,676,570,40
104-10534-10173.txt,14010,86579,72500,2581
104-10535-10001.txt,17201,97483,80230,3118
119-10021-10413.txt,5173,32393,27195,949
124-10058-10420.txt,438,2757,2317,140
124-10062-10456.txt,391,2781,2388,145
124-10114-10010.txt,726,4413,3684,208
124-10115-10027.txt,301,1985,1682,111
124-10150-10104.txt,368,2394,2024,130
124-10158-10061.txt,403,2589,2184,152
124-10163-10134.txt,721,4643,3919,183
124-10164-10151.txt,810,5019,4206,179
124-10168-10040.txt,11864,73018,61119,1909
124-10179-10217.txt,563,3282,2717,89
124-10179-10221.txt,154349,923220,768231,29725
124-10180-10295.txt,313,1993,1678,130
124-10181-10009.txt,361,2364,2001,111
124-10183-10277_multirif_redacted.txt,55113,348169,292832,11445
124-10183-10279_multirif_redacted.txt,55112,348167,292831,11446
124-10185-10099 (c06716626).txt,1250,8329,7071,727
124-10185-10099.txt,38612,241880,203098,7509
124-10185-10099_multirif.txt,66923,425712,358501,14183
124-10185-10100.txt,1660,10204,8538,378
124-10185-10214.txt,3820,24517,20686,713
124-10190-10075.txt,941380,5950999,5007500,191584
124-10206-10337.txt,779,5194,4410,213
124-10210-10096.txt,881,5687,4803,245
124-10212-10160.txt,804,4944,4137,245
124-10212-10337.txt,1022,6515,5489,251
124-10213-10310.txt,8416,50096,41652,1363
124-10213-10483.txt,836,5183,4344,221
124-10218-10058.txt,1996,12308,10303,401
124-10221-10229.txt,409,2581,2170,143
124-10221-10231.txt,521,3298,2774,240
124-10221-10245.txt,877,5533,4651,236
124-10221-10271.txt,269,1787,1516,77
124-10221-10328.txt,312,2046,1731,151
124-10225-10195.txt,419,2719,2298,137
124-10237-10009.txt,288,1945,1655,103
124-10238-10329_multirif.txt,40388,252739,212180,9525
124-10238-10333_multirif.txt,40387,252737,212179,9524
124-10239-10171.txt,1020,6385,5361,228
124-10271-10003_multirif.txt,66930,415565,348365,15266
124-10271-10011_multirif.txt,66930,415565,348365,15266
124-10271-10033_multirif_redacted.txt,48848,307949,258891,10933
124-10271-10299.txt,4079,25563,21470,822
124-10271-10299_multirif.txt,66929,415563,348364,15265
124-10271-10301.txt,216,1398,1181,42
124-10271-10303.txt,1347,8635,7283,277
124-10271-10304.txt,1064,6685,5617,184
124-10273-10007_multirif.txt,60251,378585,318131,11823
124-10273-10053.txt,291,1762,1470,52
124-10273-10070.txt,13834,85043,71167,2392
124-10273-10104.txt,2558,15797,13231,689
124-10273-10289_redacted.txt,726587,4555595,3825951,134881
124-10274-10001.txt,91993,578737,486304,22785
124-10274-10011 (c06716583).txt,370,2222,1851,94
124-10274-10011.txt,438,2652,2213,57
124-10274-10014_multirif_redacted.txt,78693,496776,417686,19115
124-10274-10029.txt,902,5608,4703,218
124-10274-10029_multirif_redacted.txt,70759,441705,370642,15445
124-10274-10044.txt,112831,668405,555161,22898
124-10274-10125.txt,408587,2521063,2110618,92940
124-10276-10400 (c06716411).txt,415,2657,2241,54
124-10276-10400.txt,1489,9537,8043,299
124-10279-10018.txt,524,3425,2898,180
124-10279-10020.txt,530,3446,2913,177
124-10279-10046.txt,326,2165,1837,125
124-10279-10107.txt,812,5017,4201,200
124-10279-10209.txt,545,3265,2718,101
124-10279-10258.txt,1462,9188,7721,282
124-10280-10030.txt,728,4601,3870,191
124-10280-10057.txt,411,2604,2191,155
124-10281-10028.txt,483,3068,2583,188
124-10284-10155.txt,402,2568,2164,140
124-10284-10171.txt,2071,12864,10785,496
124-10284-10172.txt,493,3026,2531,159
124-10285-10254.txt,1973,12354,10370,559
124-10291-10023.txt,2422,15959,13522,475
124-10291-10040.txt,989,6582,5588,231
124-10291-10236.txt,641,4236,3592,173
124-10291-10319.txt,1151,7218,6062,346
124-10296-10130.txt,892,5631,4735,254
124-10300-10012.txt,769,4817,4045,221
124-10300-10024.txt,1457,9188,7726,318
124-10311-10292.txt,375,2401,2024,126
124-10320-10087.txt,316,2166,1848,116
124-10325-10318.txt,2569,16157,13579,458
124-10326-10098.txt,1101,6991,5886,254
124-10326-10099.txt,460,2960,2498,142
124-10326-10100.txt,602,3899,3295,163
124-10326-10103.txt,480,3033,2551,159
124-10326-10104.txt,534,3385,2849,163
124-10326-10105.txt,622,3853,3228,196
124-10326-10149.txt,1199,7277,6074,246
124-10326-10191.txt,735,4604,3866,170
124-10332-10018.txt,573,3813,3237,143
124-10332-10047.txt,514,3222,2704,180
124-10365-10020.txt,26262,157157,130754,5346
124-10369-10022.txt,536,3492,2953,167
124-10371-10015.txt,1596,9911,8309,318
124-90037-10081.txt,375,2604,2227,129
124-90041-10023.txt,2468,14177,11704,337
124-90060-10015.txt,769,4929,4157,199
124-90065-10029.txt,1301,8210,6903,285
124-90084-10077.txt,668,4476,3805,179
124-90092-10001.txt,732,4465,3729,241
124-90092-10002.txt,785,4705,3917,171
124-90092-10016.txt,2067,12111,10037,442
124-90110-10070.txt,264,1711,1445,77
124-90110-10071.txt,423,2659,2234,130
124-90110-10072.txt,468,2986,2516,137
124-90110-10083.txt,823,5129,4303,214
124-90124-10055.txt,891,5578,4683,194
124-90124-10092.txt,744,4632,3885,217
124-90130-10005.txt,221,1501,1278,84
124-90135-10074.txt,3165,20142,16965,598
124-90137-10067.txt,519,3210,2689,149
124-90137-10230.txt,508,3271,2761,147
124-90137-10284.txt,406,2590,2182,146
124-90137-10355.txt,664,4201,3534,194
124-90137-10357.txt,773,4823,4047,188
124-90137-10467.txt,539,3391,2850,162
124-90137-10468.txt,596,3654,3055,170
124-90137-10488.txt,622,3905,3280,168
124-90138-10004.txt,317,2041,1722,134
124-90138-10007.txt,332,2127,1793,90
124-90138-10066.txt,461,3025,2562,157
124-90138-10073.txt,632,3999,3364,237
124-90139-10002.txt,473,3065,2590,163
124-90139-10050.txt,330,2217,1885,143
124-90139-10070.txt,574,3684,3107,170
124-90139-10071.txt,483,3043,2558,145
124-90139-10138.txt,778,4903,4122,182
124-90140-10004.txt,391,2545,2152,149
124-90140-10005.txt,348,2192,1842,126
124-90140-10012.txt,473,2905,2430,164
124-90140-10071.txt,415,2630,2213,147
124-90146-10072.txt,20230,127061,106751,4728
124-90146-10108.txt,5288,32653,27343,1210
124-90155-10008.txt,1172,7037,5861,282
124-90158-10062.txt,891,5930,5036,251
124-90158-10069.txt,1467,9251,7778,394
157-10002-10001.txt,2063,13305,11231,486
157-10002-10056.txt,1812,11001,9184,289
157-10002-10087.txt,3092,16523,13418,772
157-10002-10105.txt,4152,23012,18843,986
157-10002-10106.txt,1476,9183,7697,460
157-10002-10148.txt,5496,29070,23552,1367
157-10002-10150.txt,4835,25733,20880,1187
157-10002-10152.txt,8078,47858,39757,1414
157-10002-10165.txt,12566,67327,54714,2936
157-10004-10095.txt,463,2874,2409,102
157-10004-10144.txt,1087,6447,5357,143
157-10004-10270.txt,827,4820,3990,168
157-10004-10280.txt,356,2232,1874,94
157-10005-10141.txt,463,2673,2208,104
157-10005-10224.txt,1263,6948,5680,290
157-10005-10225.txt,5615,30615,24979,1345
157-10005-10228.txt,15949,86946,70935,3542
157-10005-10236.txt,4040,24952,20901,724
157-10005-10250.txt,15373,81239,65806,3801
157-10005-10254.txt,394,2391,1995,70
157-10005-10297.txt,39187,241851,202516,5867
157-10005-10424.txt,1066,6907,5836,238
157-10008-10150.txt,2007,12135,10121,280
157-10008-10234.txt,818,5289,4466,231
157-10008-10238.txt,3205,19615,16401,455
157-10008-10241.txt,817,5156,4335,200
157-10008-10246.txt,739,4755,4012,183
157-10008-10253.txt,316,2063,1744,92
157-10011-10000.txt,4983,32360,27352,1124
157-10011-10003.txt,4119,26827,22686,962
157-10011-10005.txt,4383,28214,23802,1235
157-10011-10006.txt,8835,56236,47351,2156
157-10011-10007.txt,3677,23215,19522,798
157-10011-10008.txt,7702,50114,42367,1783
157-10011-10009.txt,4660,30067,25374,1364
157-10011-10010.txt,3999,25467,21445,974
157-10011-10018.txt,3632,19810,16164,854
157-10011-10024.txt,3970,21929,17943,955
157-10011-10041.txt,415,2311,1894,102
157-10011-10048.txt,7762,41875,34082,1913
157-10011-10066.txt,5253,33273,28005,767
157-10011-10078.txt,9998,61059,51035,1227
157-10011-10083.txt,27823,147426,119488,7925
157-10011-10085.txt,516,3061,2543,96
157-10011-10092.txt,1652,8873,7214,430
157-10011-10093.txt,2374,14506,12126,309
157-10011-10121.txt,30624,181776,151050,4837
157-10014-10005.txt,31246,167026,135668,7613
157-10014-10006.txt,20611,113265,92578,4921
157-10014-10018.txt,42539,226211,183503,11061
157-10014-10046.txt,44748,246844,201935,9754
157-10014-10047.txt,19374,107165,87710,3956
157-10014-10067.txt,18557,100138,81504,3974
157-10014-10081.txt,15792,86993,71139,3721
157-10014-10089.txt,20043,111590,91452,4657
157-10014-10100.txt,19154,116922,97694,3119
157-10014-10109.txt,3619,22521,18881,801
157-10014-10117.txt,25755,158261,132402,3980
157-10014-10121.txt,37666,207746,169931,8029
157-10014-10125.txt,20220,110902,90602,4738
157-10014-10133.txt,9708,53790,44040,2453
157-10014-10137.txt,54523,338638,283906,7766
157-10014-10144.txt,62291,399565,337010,13542
157-10014-10151.txt,154887,953852,798396,21491
157-10014-10178.txt,42243,242125,199717,7980
157-10014-10185.txt,1440,8793,7346,265
157-10014-10227.txt,36378,222522,185985,7930
157-10014-10242.txt,234914,1376900,1141296,43184
176-10011-10101.txt,463,2920,2455,99
176-10011-10152.txt,1147,7095,5943,185
176-10030-10085.txt,24445,133050,108479,5021
176-10030-10168.txt,24423,133046,108497,4998
176-10030-10422.txt,5634,35090,29440,737
176-10033-10145.txt,5406,33558,28136,691
176-10033-10151.txt,1561,9715,8148,212
176-10036-10023.txt,283,1852,1567,77
176-10036-10027.txt,450,2763,2311,88
176-10036-10051.txt,708,4790,4078,181
176-10036-10052.txt,652,4213,3558,183
176-10036-10058.txt,1773,10712,8934,241
176-10036-10065.txt,936,5695,4753,206
176-10036-10073.txt,2220,12644,10418,322
176-10036-10078.txt,627,4120,3490,157
176-10036-10079.txt,379,2485,2104,114
176-10036-10085.txt,693,4560,3864,142
176-10036-10086.txt,491,3222,2728,136
176-10036-10087.txt,549,3558,3006,134
176-10036-10088.txt,616,4079,3460,134
176-10036-10094.txt,1023,6426,5398,202
176-10036-10095.txt,568,3851,3280,145
176-10036-10097.txt,458,3250,2789,123
176-10036-10098.txt,924,5946,5018,187
176-10036-10099.txt,1288,8171,6877,260
176-10036-10102.txt,883,5793,4906,170
176-10036-10103.txt,903,5892,4985,190
176-10036-10104.txt,536,3388,2849,146
176-10036-10113.txt,1487,9050,7558,326
176-10036-10115.txt,565,3692,3124,164
176-10036-10116.txt,804,5169,4362,209
176-10036-10117.txt,1442,8825,7378,293
176-10036-10129.txt,696,4371,3671,111
176-10036-10131.txt,583,3851,3265,157
176-10036-10134.txt,570,3674,3101,151
176-10036-10135.txt,585,3665,3077,150
176-10036-10137.txt,1527,9965,8432,265
176-10036-10138.txt,624,4007,3379,132
176-10036-10139.txt,566,3699,3130,149
176-10036-10142.txt,1140,7164,6019,230
176-10036-10143.txt,1507,9027,7515,365
176-10036-10149.txt,1513,9707,8187,310
176-10036-10173.txt,1140,6652,5507,170
176-10036-10179.txt,3125,19728,16592,415
176-10037-10120.txt,823,5431,4604,192
176-10037-10440.txt,448,2922,2471,106
176-10037-10452.txt,1721,11073,9347,317
176-10037-10453.txt,1697,10956,9253,351
176-10037-10454.txt,524,3564,3037,159
176-10037-10460.txt,308,2020,1710,71
176-10037-10491.txt,574,3827,3250,125
176-10037-10493.txt,761,4937,4172,163
176-10037-10494.txt,1476,9560,8078,239
176-10038-10032.txt,736,4773,4033,195
177-10001-10060.txt,464,3236,2769,138
177-10001-10061.txt,569,3827,3255,166
177-10001-10063.txt,491,3369,2875,160
177-10001-10064.txt,748,4784,4033,169
177-10001-10305.txt,11024,69318,58249,2014
177-10001-10445.txt,807,4773,3963,119
177-10002-10012.txt,1259,7825,6558,283
177-10002-10016.txt,931,5849,4912,198
177-10002-10069.txt,1273,7959,6680,237
177-10002-10070.txt,1324,8209,6879,268
177-10002-10092.txt,818,5505,4680,194
177-10002-10096.txt,1701,10385,8671,573
177-10002-10097.txt,1875,11635,9747,563
177-10002-10098.txt,2222,13715,11475,689
177-10002-10101.txt,2172,13358,11170,673
177-10002-10102.txt,1613,9828,8202,464
177-10002-10103.txt,2554,15407,12836,947
177-10002-10105.txt,2595,16579,13970,775
178-10002-10091.txt,28786,153216,124316,8272
178-10002-10185.txt,662,4181,3516,127
178-10002-10215.txt,28775,153201,124312,8315
178-10002-10279.txt,28749,153112,124249,8303
178-10003-10001.txt,633,4048,3412,119
178-10003-10016.txt,1469,9157,7683,240
178-10003-10090.txt,1364,8570,7200,250
178-10003-10176.txt,783,5046,4258,201
178-10003-10311.txt,1439,9477,8030,343
178-10003-10453.txt,5518,36094,30550,1069
178-10004-10053.txt,1002,5834,4828,155
178-10004-10054.txt,3072,18517,15435,509
178-10004-10056.txt,11643,70965,59288,1687
178-10004-10087.txt,4966,31092,26108,618
178-10004-10115.txt,8036,52958,44884,1396
178-10004-10148.txt,1056,6810,5750,185
178-10004-10396.txt,3375,20162,16778,434
178-10004-10416.txt,2057,13730,11665,306
178-10004-10420.txt,43726,239569,195589,12600
180-10060-10436.txt,3541,23297,19743,882
180-10060-10438.txt,1956,12824,10860,462
180-10060-10439.txt,2583,17243,14648,611
180-10060-10440.txt,3435,23395,19946,828
180-10060-10441.txt,2185,14808,12614,527
180-10060-10442.txt,3770,24572,20781,1020
180-10060-10444.txt,1480,9461,7974,443
180-10060-10445.txt,3223,21476,18241,772
180-10060-10447.txt,1695,10859,9155,504
180-10060-10449.txt,2660,17429,14755,737
180-10060-10450.txt,3156,21172,18002,780
180-10060-10451.txt,1513,10233,8713,360
180-10060-10452.txt,3532,23963,20417,815
180-10060-10453.txt,15762,101292,85475,3572
180-10060-10454.txt,1950,12572,10612,545
180-10060-10455.txt,1790,12416,10617,434
180-10060-10457.txt,4323,29283,24942,910
180-10060-10458.txt,3187,21290,18089,811
180-10060-10459.txt,2635,17870,15224,637
180-10060-10460.txt,1737,11201,9455,477
180-10060-10462.txt,2888,19547,16648,684
180-10060-10463.txt,14762,93001,78209,3532
180-10060-10464.txt,3177,21496,18307,744
180-10060-10465.txt,2525,16782,14246,587
180-10060-10467.txt,3075,20551,17463,808
180-10060-10468.txt,3766,25197,21415,965
180-10060-10470.txt,2202,14056,11845,523
180-10060-10471.txt,2401,15941,13531,503
180-10060-10472.txt,2870,18941,16059,761
180-10060-10473.txt,1912,12904,10984,430
180-10060-10475.txt,4751,33005,28235,1203
180-10060-10477.txt,2698,17736,15025,684
180-10060-10478.txt,1583,10700,9110,377
180-10060-10480.txt,3166,21115,17931,823
180-10060-10481.txt,1197,8101,6898,296
180-10060-10482.txt,1279,8616,7331,305
180-10060-10483.txt,3377,22571,19180,911
180-10060-10484.txt,1180,7988,6802,297
180-10060-10486.txt,5787,37855,32041,1533
180-10060-10489.txt,2544,16541,13983,715
180-10060-10490.txt,2907,19861,16937,756
180-10060-10491.txt,1883,12611,10720,449
180-10060-10492.txt,2109,14249,12131,492
180-10060-10493.txt,1632,11131,9492,377
180-10060-10494.txt,3732,25350,21603,895
180-10060-10495.txt,2533,17127,14584,599
180-10060-10498.txt,1509,9888,8369,394
180-10060-10499.txt,2624,17306,14671,698
180-10068-10298.txt,851,5605,4749,235
180-10068-10300.txt,10160,67251,57060,1834
180-10068-10303.txt,2880,19216,16321,683
180-10068-10305.txt,1834,12090,10248,424
180-10068-10306.txt,1200,8080,6874,309
180-10068-10307.txt,1874,12642,10760,437
180-10068-10308.txt,3582,24164,20567,849
180-10068-10309.txt,912,6108,5191,225
180-10068-10310.txt,4583,30895,26295,1105
180-10068-10311.txt,1009,6887,5873,255
180-10068-10312.txt,2947,19500,16539,832
180-10068-10313.txt,1542,10374,8824,369
180-10068-10314.txt,1539,10402,8856,361
180-10068-10315.txt,1673,11290,9609,380
180-10068-10317.txt,3455,22990,19522,830
180-10068-10318.txt,1504,9713,8202,432
180-10068-10319.txt,2110,13073,10954,459
180-10068-10320.txt,2270,14630,12350,625
180-10068-10321.txt,1838,12388,10543,434
180-10068-10322.txt,3949,25297,21329,976
180-10068-10324.txt,6047,36651,30590,1284
180-10068-10325.txt,2238,15151,12903,564
180-10068-10326.txt,2512,17089,14567,601
180-10068-10327.txt,1550,10431,8874,371
180-10068-10328.txt,1831,12347,10509,414
180-10068-10332.txt,1706,10827,9112,510
180-10068-10334.txt,3915,26433,22503,882
180-10068-10335.txt,1108,7398,6285,246
180-10068-10336.txt,2395,16126,13722,526
180-10068-10337.txt,4236,26356,22103,1091
180-10068-10339.txt,1971,13354,11373,474
180-10068-10341.txt,1890,12417,10516,475
180-10068-10343.txt,902,6096,5189,218
180-10068-10344.txt,3078,20516,17426,788
180-10068-10345.txt,6155,40606,34419,1426
180-10068-10346.txt,3057,19376,16302,723
180-10068-10347.txt,1253,8466,7207,294
180-10068-10349.txt,3459,23474,20002,826
180-10068-10350.txt,1918,12950,11024,438
180-10068-10352.txt,3527,23415,19871,904
180-10068-10355.txt,1927,12753,10816,439
180-10068-10357.txt,2816,19013,16186,680
180-10068-10359.txt,1268,8503,7229,305
180-10068-10361.txt,1146,7745,6590,317
180-10068-10362.txt,1170,7975,6799,287
180-10068-10363.txt,3341,22670,19316,833
180-10070-10143.txt,2220,14474,12245,578
180-10070-10144.txt,3278,21831,18543,643
180-10070-10145.txt,2698,17870,15161,689
180-10070-10146.txt,4371,29635,25248,979
180-10070-10148.txt,4213,27097,22865,1108
180-10070-10150.txt,2148,13983,11824,628
180-10070-10152.txt,1812,11940,10120,474
180-10070-10153.txt,2247,15035,12779,513
180-10070-10154.txt,2152,13521,11359,585
180-10070-10155.txt,1181,8036,6849,297
180-10070-10157.txt,1611,10783,9164,401
180-10070-10158.txt,1166,7919,6747,305
180-10070-10159.txt,2630,17848,15208,616
180-10070-10160.txt,1995,13476,11470,522
180-10070-10161.txt,2551,17283,14723,575
180-10070-10162.txt,6171,39819,33623,1527
180-10070-10163.txt,3557,23622,20052,889
180-10070-10164.txt,8133,53815,45648,1900
180-10070-10166.txt,1402,8949,7539,418
180-10070-10169.txt,737,5056,4315,201
180-10070-10170.txt,2006,13577,11563,469
180-10070-10171.txt,2563,17055,14481,584
180-10070-10173.txt,1909,12894,10977,439
180-10070-10174.txt,2336,15880,13535,531
180-10070-10175.txt,2804,19017,16202,668
180-10070-10176.txt,3208,21498,18273,846
180-10071-10000.txt,1552,10419,8858,405
180-10071-10001.txt,3834,25925,22077,886
180-10071-10459.txt,309,1991,1680,89
180-10072-10186.txt,17907,106240,88267,5076
180-10073-10093.txt,122419,691887,569221,28853
180-10073-10321.txt,326,2236,1908,118
180-10076-10105.txt,1023,3999,2973,697
180-10078-10492.txt,1566,9071,7498,260
180-10086-10257.txt,864,5340,4468,276
180-10091-10228.txt,2944,17353,14397,556
180-10093-10162.txt,6037,35974,29921,1643
180-10094-10459.txt,1097,6905,5802,227
180-10096-10399.txt,2258,13188,10920,355
180-10096-10401.txt,487,3219,2728,148
180-10096-10448.txt,213,1451,1236,83
180-10104-10294.txt,1828,11108,9265,525
180-10104-10354.txt,5439,33700,28240,1074
180-10106-10008.txt,356,2533,2174,129
180-10106-10011.txt,412,2723,2308,143
180-10107-10006.txt,717,4458,3737,164
180-10110-10100.txt,7800,44878,37051,1075
180-10110-10121.txt,2027,11959,9924,270
180-10110-10484.txt,92544,569731,476778,17309
180-10111-10051.txt,1684,10308,8615,313
180-10111-10288.txt,1001,6116,5109,304
180-10113-10119.txt,1886,11972,10077,416
180-10113-10246.txt,431,2797,2363,110
180-10117-10032.txt,36443,225896,189311,7965
180-10117-10245.txt,687,4583,3891,173
180-10120-10150.txt,648,4223,3571,177
180-10125-10075.txt,480,3546,3064,238
180-10125-10076.txt,462,3430,2966,228
180-10125-10077.txt,1790,14161,12364,906
180-10125-10078.txt,1189,9816,8623,626
180-10125-10079.txt,1166,9535,8365,641
180-10125-10080.txt,1159,9525,8362,639
180-10125-10081.txt,1300,10468,9163,690
180-10125-10082.txt,1187,9565,8374,650
180-10125-10083.txt,1235,9947,8708,688
180-10125-10084.txt,1512,12247,10730,827
180-10125-10085.txt,1484,12080,10591,821
180-10125-10086.txt,1537,12216,10674,868
180-10125-10087.txt,1516,12086,10565,852
180-10125-10088.txt,1842,14600,12752,954
180-10125-10089.txt,1469,11919,10445,832
180-10125-10090.txt,1599,12838,11233,881
180-10125-10091.txt,1688,13346,11653,856
180-10125-10092.txt,1636,13365,11724,851
180-10125-10093.txt,1756,13513,11751,942
180-10125-10094.txt,1663,13310,11641,925
180-10125-10095.txt,1642,13429,11781,903
180-10125-10096.txt,1635,13394,11753,896
180-10125-10097.txt,1594,13160,11560,886
180-10125-10098.txt,1531,12735,11199,790
180-10125-10100.txt,1236,10185,8944,683
180-10125-10101.txt,1164,9685,8517,655
180-10125-10102.txt,1082,8462,7377,515
180-10125-10103.txt,974,8388,7411,498
180-10125-10104.txt,1073,8783,7706,603
180-10125-10105.txt,1039,8571,7528,600
180-10125-10106.txt,2254,17280,15014,1139
180-10125-10107.txt,2080,17355,15268,1045
180-10125-10172.txt,24525,146217,121533,6730
180-10131-10324.txt,29124,157105,127865,6771
180-10131-10325.txt,12591,68086,55445,2780
180-10131-10329.txt,20006,110591,90507,4186
180-10140-10152.txt,230,1434,1203,63
180-10141-10015.txt,243,1599,1355,75
180-10141-10204.txt,264,1657,1390,109
180-10141-10451.txt,277,1691,1411,109
180-10143-10062.txt,1370,7247,5864,447
180-10143-10070.txt,3230,18660,15410,1172
180-10143-10072.txt,6647,40892,34166,2966
180-10143-10100.txt,982,5590,4598,464
180-10143-10113.txt,1084,6459,5363,417
180-10143-10152.txt,1504,8479,6963,440
180-10143-10171.txt,562,3492,2924,229
180-10143-10227.txt,3774,22368,18585,452
180-10143-10233.txt,2891,17754,14844,864
180-10143-10243.txt,672,3793,3117,237
180-10143-10362.txt,426,2577,2148,127
180-10143-10456.txt,17309,102883,85528,2387
180-10144-10068.txt,1405,7864,6454,231
180-10144-10130.txt,901,5444,4537,263
180-10144-10133.txt,1042,6369,5321,299
180-10144-10240.txt,573,3287,2708,230
180-10144-10288.txt,1765,11599,9827,465
180-10144-10402.txt,197,1338,1139,80
180-10145-10232.txt,276,1518,1234,164
180-10145-10233.txt,572,3332,2754,249
180-10145-10239.txt,8898,53678,44691,2823
180-10145-10265.txt,1492,8898,7396,544
180-10145-10269.txt,21554,128473,106841,3627
180-10145-10280.txt,283,1733,1447,119
180-10145-10285.txt,5277,30034,24719,1803
180-10145-10287.txt,3374,19618,16223,1197
180-10145-10295.txt,19385,115574,96134,2793
180-10145-10301.txt,730,4418,3683,223
180-10145-10302.txt,1117,6860,5736,305
180-10145-10308.txt,4339,25574,21206,1198
180-10145-10381.txt,515,3033,2515,175
180-10145-10409.txt,2806,17391,14566,850
180-10145-10446.txt,19594,106011,86294,5349
180-10147-10176.txt,4192,25173,20957,717
180-10147-10257.txt,1454,9380,7919,404
180-10147-10258.txt,1606,10899,9286,367
180-10147-10259.txt,1266,8558,7286,298
180-10147-10260.txt,1417,9470,8047,316
180-10147-10261.txt,2560,16899,14329,671
180-10147-10264.txt,1506,10176,8663,360
180-10147-10265.txt,1197,8051,6848,300
180-10147-10266.txt,1576,10639,9056,378
194-10001-10168.txt,8900,53952,45028,1369
194-10001-10169.txt,9712,56926,47165,2268
194-10001-10381.txt,347,2120,1771,110
194-10001-10490.txt,339,2171,1830,125
194-10001-10495.txt,379,2331,1950,111
194-10001-10496.txt,1918,11546,9623,444
194-10002-10091.txt,21336,131360,109926,3726
194-10002-10094.txt,387,2384,1995,94
194-10002-10187.txt,25518,154805,129190,4817
194-10002-10189.txt,13550,81746,68149,2089
194-10002-10203_redacted.txt,37705,230493,192652,7175
194-10002-10216.txt,362,2295,1931,92
194-10003-10335.txt,573,3383,2808,178
194-10003-10336.txt,973,5647,4671,290
194-10003-10338.txt,802,4593,3788,260
194-10004-10129.txt,394,2022,1626,167
194-10004-10135.txt,800,5148,4345,246
194-10004-10138.txt,864,5531,4664,275
194-10004-10139.txt,849,5335,4483,269
194-10004-10141.txt,2115,12973,10853,524
194-10004-10142.txt,718,4395,3674,218
194-10004-10143.txt,803,4822,4016,239
194-10004-10145.txt,482,2899,2415,148
194-10004-10147.txt,557,3461,2902,198
194-10004-10148.txt,262,1627,1363,85
194-10004-10149.txt,200,1365,1163,64
194-10004-10150.txt,457,2799,2340,95
194-10004-10151.txt,267,1698,1429,70
194-10004-10152.txt,324,2026,1700,84
194-10004-10153.txt,311,2010,1697,96
194-10004-10154.txt,294,1886,1590,100
194-10004-10155.txt,247,1533,1284,71
194-10004-10156.txt,299,1941,1640,88
194-10004-10158.txt,278,1826,1546,93
194-10004-10159.txt,178,1135,955,68
194-10004-10160.txt,258,1672,1412,77
194-10004-10161.txt,234,1521,1285,90
194-10004-10162.txt,579,3588,3007,98
194-10004-10353.txt,372,2238,1864,101
194-10004-10354.txt,252,1523,1269,82
194-10004-10355.txt,269,1656,1385,78
194-10004-10356.txt,888,5463,4572,155
194-10004-10357.txt,446,2726,2278,91
194-10004-10359.txt,1013,5978,4962,212
194-10004-10360.txt,925,5909,4981,271
194-10004-10361.txt,301,1858,1555,79
194-10004-10362.txt,239,1523,1282,72
194-10004-10363.txt,328,2055,1725,83
194-10004-10364.txt,370,2249,1877,95
194-10004-10365.txt,177,1203,1024,55
194-10004-10367.txt,303,1884,1579,76
194-10004-10368.txt,359,2216,1855,109
194-10004-10369.txt,451,2837,2384,118
194-10004-10370.txt,513,3154,2639,119
194-10004-10371.txt,178,1173,993,61
194-10004-10373.txt,656,3988,3329,164
194-10004-10374.txt,606,3730,3121,119
194-10004-10375.txt,690,4237,3544,174
194-10004-10376.txt,559,3375,2813,174
194-10004-10377.txt,408,2507,2097,132
194-10004-10378.txt,355,2167,1810,133
194-10004-10379.txt,1427,8880,7449,238
194-10004-10380.txt,371,2394,2021,101
194-10004-10381.txt,801,4977,4173,154
194-10004-10382.txt,584,3646,3060,110
194-10004-10383.txt,621,4001,3378,113
194-10004-10384.txt,837,5141,4301,148
194-10004-10385.txt,486,3028,2540,98
194-10004-10386.txt,1079,6528,5446,182
194-10004-10387.txt,384,2250,1864,108
194-10004-10388.txt,474,2959,2483,105
194-10004-10389.txt,340,2098,1756,80
194-10004-10390.txt,443,2679,2234,92
194-10004-10391.txt,305,1879,1572,81
194-10004-10392.txt,406,2488,2080,104
194-10004-10393.txt,654,4015,3359,118
194-10004-10394.txt,672,4168,3494,121
194-10004-10395.txt,806,4893,4084,159
194-10004-10396.txt,940,5733,4790,167
194-10004-10397.txt,467,2827,2358,111
194-10004-10398.txt,1449,8928,7475,247
194-10004-10399.txt,378,2289,1909,107
194-10004-10400.txt,307,1876,1567,94
194-10004-10401.txt,439,2696,2255,100
194-10004-10402.txt,872,5385,4509,235
194-10004-10403.txt,569,3203,2632,236
194-10004-10406.txt,658,3960,3300,239
194-10004-10408.txt,329,2131,1800,103
194-10005-10030.txt,296,1868,1570,88
194-10005-10042.txt,583,3472,2887,203
194-10005-10063.txt,784,4822,4034,239
194-10005-10064.txt,580,3392,2809,185
194-10005-10066.txt,621,3913,3289,153
194-10005-10105.txt,441,2725,2282,140
194-10005-10140.txt,5205,33809,28595,1094
194-10006-10141.txt,340,2129,1787,110
194-10006-10178.txt,843,5334,4488,264
194-10006-10180.txt,1182,6959,5774,387
194-10006-10181.txt,1304,7770,6462,403
194-10006-10183.txt,320,2162,1840,93
194-10006-10184.txt,320,2124,1802,99
194-10006-10185.txt,272,1687,1413,87
194-10006-10186.txt,446,2753,2305,109
194-10006-10187.txt,311,1923,1610,85
194-10006-10188.txt,256,1676,1418,84
194-10006-10195.txt,313,2006,1691,79
194-10006-10196.txt,764,4640,3873,153
194-10006-10197.txt,385,2537,2150,100
194-10006-10198.txt,334,2118,1782,105
194-10006-10235.txt,285,1881,1594,66
194-10006-10298.txt,778,4755,3973,158
194-10006-10300.txt,778,4761,3979,163
194-10006-10311.txt,1573,9032,7455,240
194-10006-10312.txt,391,2400,2007,95
194-10006-10313.txt,558,3312,2752,108
194-10006-10314.txt,418,2562,2142,98
194-10006-10315.txt,590,3569,2977,115
194-10006-10316.txt,625,3756,3129,128
194-10006-10317.txt,1619,9154,7531,238
194-10006-10318.txt,1093,6101,5005,166
194-10006-10329.txt,807,4085,3276,155
194-10007-10031.txt,320,2029,1707,96
194-10007-10262.txt,580,3648,3065,164
194-10007-10266.txt,333,2072,1737,101
194-10007-10267.txt,405,2357,1950,142
194-10007-10417.txt,1100,6564,5461,170
194-10007-10418.txt,332,2016,1681,107
194-10007-10422.txt,1902,11725,9818,288
194-10007-10423.txt,361,2276,1913,85
194-10007-10424.txt,407,2587,2178,92
194-10007-10425.txt,2419,13292,10867,447
194-10007-10426.txt,699,4273,3572,106
194-10012-10030.txt,539,3618,3076,153
194-10012-10400.txt,1037,6154,5113,222
194-10012-10408.txt,858,5198,4337,225
194-10012-10409.txt,1045,6456,5407,263
194-10012-10452.txt,339,2097,1756,90
194-10012-10471.txt,875,5281,4403,228
194-10012-10472.txt,1068,6577,5505,258
194-10012-10477.txt,516,3039,2521,174
194-10013-10005.txt,1406,8630,7221,220
194-10013-10006.txt,205,1361,1154,58
194-10013-10009.txt,206,1352,1144,69
194-10013-10011.txt,202,1349,1145,63
194-10013-10013.txt,209,1363,1152,72
194-10013-10139.txt,355,2222,1865,83
194-10013-10140.txt,2962,18472,15503,424
194-10013-10141.txt,534,3310,2773,136
194-10013-10144.txt,1632,10090,8455,284
194-10013-10152.txt,615,3633,3015,125
194-10013-10155.txt,913,5364,4448,183
194-10014-10116.txt,1159,7303,6141,188
197-10002-10190.txt,652,4241,3585,161
198-10004-10076.txt,24227,154381,130030,4466
198-10004-10207.txt,13665,88195,74467,2479
198-10005-10017.txt,1343,8812,7462,236
198-10005-10018.txt,26010,164682,138546,4755
198-10007-10013.txt,3137,20373,17218,536
198-10007-10021.txt,4993,32042,27025,822
198-10007-10022.txt,5472,35024,29534,803
198-10007-10029.txt,5328,33931,28587,764
198-10008-10119.txt,5148,32808,27639,976
198-10009-10098.txt,3126,20450,17304,582
198-10009-10099.txt,40974,256318,215190,5316
202-10001-10187.txt,1112,6880,5763,218
202-10001-10203.txt,1948,11685,9728,400
202-10001-10219.txt,1161,6956,5791,289
202-10002-10124.txt,5103,33550,28429,1223

SUMMARY
Total files processed,2182
Total words,17122301
Total chars (incl. space),104156911
Total chars (excl. space),86966099
Total lines,3935195
Avg words per file,7847.07
Avg chars (incl. space) per file,47734.61
Avg chars (excl. space) per file,39856.14
Avg lines per file,1803.48
